cid,w_start,w_end,active_days,n_rows,days_with_readings
7245,2020-01-01 22:43:54.768,2024-04-29 12:59:10.511,1581,2779,1569
27929,2023-09-07 17:08:32.173,2024-04-29 14:46:58.612,236,5761,236
10073,2024-01-17 16:05:59.951,2024-04-30 12:31:45.156,105,2771,105
20155,2020-03-27 05:32:11.431,2024-04-30 09:11:40.737,1496,2381,932
2609,2020-01-01 18:23:48.744,2024-04-29 23:21:43.982,1581,2844,1579
6909,2020-01-02 00:32:30.050,2024-04-30 12:44:19.624,1581,1813,1417
27928,2023-07-17 12:34:08.355,2024-04-30 11:05:48.776,289,5282,231
10127,2020-01-01 09:41:54.475,2024-04-29 17:27:21.451,1581,2901,1566
16060,2020-01-01 18:22:55.686,2024-04-30 12:12:11.583,1582,2181,1548
10114,2020-01-01 06:58:56.498,2024-04-29 14:25:08.804,1581,2572,1499
3317,2020-01-01 23:59:18.115,2024-04-29 19:15:36.773,1581,1984,1514
11790,2020-01-01 05:26:14.545,2024-04-30 08:47:43.172,1582,3180,1569
10121,2020-01-01 00:57:10.245,2024-04-29 12:35:22.169,1581,2789,1551
3133,2020-01-01 00:40:23.989,2024-04-29 15:04:43.760,1581,2616,1418
10152,2023-06-15 10:43:21.730,2024-04-30 09:39:44.725,321,7623,321
10192,2020-01-01 17:07:41.622,2024-04-30 06:46:10.678,1582,1856,1551
11983,2020-01-01 04:21:01.688,2024-04-30 08:41:03.362,1582,2880,1560
11782,2020-01-01 13:23:13.925,2024-04-30 10:01:20.878,1582,2027,1540
27963,2023-09-07 09:51:18.106,2024-04-30 11:06:07.063,237,5856,237
18711,2020-02-20 17:35:22.276,2024-04-24 13:48:06.468,1526,1711,998
17883,2020-01-01 03:08:25.846,2024-04-30 12:32:02.919,1582,2943,1561
11565,2021-01-12 23:14:24.223,2024-04-29 14:04:15.443,1204,1267,913
7948,2023-06-20 06:19:21.540,2024-04-30 07:39:05.558,316,7792,316
10206,2020-01-01 14:26:36.662,2024-04-30 11:43:42.902,1582,2445,1238
11798,2020-01-01 04:12:23.644,2024-04-29 23:10:47.224,1581,2121,1554
18705,2020-05-05 14:44:00.894,2024-04-29 15:37:01.981,1456,1166,832
18704,2020-10-28 19:47:04.250,2024-04-29 18:38:41.594,1280,2155,866
10167,2020-02-04 18:41:23.040,2024-03-23 14:32:56.594,1510,2388,1275
11549,2020-01-01 05:05:29.502,2024-04-29 18:52:35.230,1581,2214,1514
6230,2020-01-01 09:42:53.983,2024-04-30 08:59:55.636,1582,2588,1495
5977,2020-01-01 02:58:47.088,2024-04-30 05:18:15.635,1582,2073,1446
16853,2023-05-14 08:03:15.741,2024-04-30 08:13:58.999,353,8856,353
3340,2020-01-01 23:45:17.104,2024-04-30 03:40:49.445,1582,3010,1538
10085,2020-01-01 15:42:05.375,2024-04-30 06:39:36.741,1582,1925,1546
2946,2020-02-05 17:12:50.110,2024-04-29 16:47:57.355,1546,2186,1479
11989,2020-01-02 05:40:33.601,2024-04-30 06:21:49.539,1581,2408,1288
6911,2020-01-01 20:39:46.664,2024-04-30 10:43:16.891,1582,2817,1577
11854,2020-01-01 06:15:55.427,2023-07-18 14:28:44.633,1295,2392,1238
5730,2020-01-01 02:19:09.944,2024-04-29 15:01:30.126,1581,2201,1575
16663,2020-01-01 00:05:50.227,2024-04-29 23:08:36.766,1581,2155,1576
1527,2023-06-16 18:50:41.313,2024-04-30 04:37:33.442,320,7584,320
10189,2020-01-01 00:25:59.202,2024-04-30 10:55:50.146,1582,2575,1558
5937,2020-01-01 06:24:50.202,2024-04-30 09:30:24.430,1582,4148,1522
25826,2023-07-17 15:10:48.220,2024-04-30 08:44:23.670,289,5212,230
18177,2021-02-25 15:42:13.782,2024-04-30 12:02:49.617,1161,2462,1161
1410,2020-01-01 13:02:43.311,2024-04-30 07:09:03.307,1582,2577,1574
10079,2020-01-01 08:43:47.386,2024-04-30 10:47:15.790,1582,2334,1578
7247,2020-02-05 17:05:03.270,2024-04-30 08:58:37.262,1547,2654,1490
13138,2020-01-01 19:41:23.591,2024-04-29 19:08:33.332,1581,2097,1568
3264,2020-01-01 00:33:26.291,2024-04-29 15:09:15.360,1581,1886,1391
25591,2023-09-10 01:12:10.524,2024-04-29 20:47:31.989,233,5665,233
12290,2020-09-17 15:08:01.397,2024-04-30 06:59:45.925,1322,1732,1304
11986,2020-01-01 05:16:40.607,2024-04-29 22:47:30.070,1581,2291,1518
6236,2020-01-01 21:28:35.945,2024-04-29 21:09:41.255,1581,2095,1576
5814,2020-01-01 04:07:18.989,2024-04-30 12:36:54.650,1582,2145,1579
27931,2023-09-07 11:15:56.109,2024-04-29 19:25:27.319,236,5789,236
7733,2020-01-01 17:59:19.650,2024-04-30 11:20:43.388,1582,2511,1320
16332,2020-01-01 16:54:38.070,2024-04-29 21:04:12.854,1581,2385,1316
11800,2020-02-05 17:09:55.361,2024-04-29 23:56:54.904,1546,2324,1481
11563,2020-09-18 13:23:41.676,2024-04-29 22:26:05.169,1320,1738,1312
18717,2023-11-01 20:04:07.085,2024-04-29 20:53:06.765,181,9861,180
754,2020-01-01 03:37:00.343,2024-04-30 09:12:14.615,1582,2512,1540
10170,2020-02-05 17:07:50.974,2024-04-29 20:49:51.663,1546,2966,1521
24671,2023-07-16 21:40:38.473,2024-04-30 03:21:15.597,290,5043,227
10174,2020-01-01 10:01:00.411,2024-04-26 14:27:00.855,1578,2442,1441
2684,2023-06-16 15:42:27.446,2024-04-29 22:02:59.797,319,7722,319
11557,2023-06-14 20:36:21.514,2024-04-30 08:34:26.441,322,7935,322
6901,2020-09-18 08:58:39.237,2024-04-29 20:37:10.904,1320,1989,1317
7253,2020-03-04 16:49:37.953,2024-04-30 04:04:26.957,1519,2004,1339
7244,2020-05-09 00:10:52.442,2023-08-23 13:19:39.405,1202,1670,1039
14339,2023-06-16 13:40:03.415,2024-04-30 06:45:44.903,320,7751,320
6233,2020-01-01 00:40:12.929,2024-04-30 01:15:07.268,1582,2115,1580
10173,2020-01-01 02:42:40.602,2024-04-29 19:34:14.023,1581,2169,1575
11813,2020-03-04 16:55:40.552,2024-04-29 14:23:09.182,1518,2010,1262
11842,2020-01-01 00:44:18.964,2024-04-30 03:10:25.166,1582,2543,1579
11987,2020-02-05 17:05:59.603,2024-04-30 11:11:22.038,1547,2611,1409
1018,2023-05-15 11:05:54.392,2024-04-30 08:21:58.958,352,8773,352
10091,2021-02-12 09:26:10.366,2024-04-30 12:14:39.055,1174,1430,864
10161,2021-02-25 15:48:19.178,2024-04-30 10:22:05.265,1161,1699,1016
10133,2024-01-22 17:08:04.974,2024-04-29 16:11:13.591,99,2305,99
27965,2023-09-08 00:05:27.349,2024-04-30 12:05:28.380,236,5865,236
2336,2020-01-01 01:28:13.890,2024-04-30 05:58:07.262,1582,2880,1566
11781,2020-01-02 00:03:17.165,2024-04-29 18:35:41.151,1580,2129,1551
10172,2021-02-25 15:35:21.403,2024-04-30 10:10:33.321,1161,1259,889
17821,2020-09-18 08:52:53.564,2024-04-30 02:03:30.673,1321,2756,1320
21989,2023-07-17 18:28:40.764,2024-04-30 07:52:50.907,289,5149,230
2508,2023-06-14 21:34:41.585,2024-04-30 07:12:15.724,322,7808,322
1171,2020-01-01 05:35:41.363,2024-04-29 14:53:57.990,1581,1876,1186
7402,2021-05-05 17:06:09.182,2024-04-30 06:43:07.318,1092,1813,1090
16340,2020-09-17 14:17:44.657,2024-04-30 00:49:30.678,1322,2147,1321
1170,2023-06-16 17:10:34.640,2024-04-30 00:01:52.005,320,7747,320
11817,2020-01-01 00:53:00.386,2024-04-29 15:27:25.382,1581,1660,1130
11113,2024-01-17 02:03:41.322,2024-04-30 09:08:08.418,105,2430,105
1299,2020-01-09 08:05:46.863,2023-09-30 15:48:42.299,1361,3095,1166
12460,2020-01-01 07:55:17.329,2024-04-29 20:35:12.137,1581,2621,1539
27930,2023-10-05 03:03:48.008,2024-04-29 21:40:57.484,208,4994,208
16825,2020-05-05 16:11:26.449,2024-04-29 13:34:06.745,1456,1845,1278
13939,2020-03-19 14:39:58.459,2024-04-29 14:43:39.078,1503,2620,1278
894,2020-01-01 13:54:01.768,2024-04-30 07:58:14.472,1582,3216,1337
10158,2020-01-01 23:44:17.607,2024-04-29 19:16:27.972,1581,2547,1552
18707,2020-05-05 13:06:02.531,2024-04-30 12:59:24.324,1457,1822,1216
11773,2020-01-01 06:56:22.406,2024-04-30 03:09:00.508,1582,1994,1579
1715,2020-01-02 17:54:25.546,2024-04-29 16:20:53.919,1580,1844,1316
12656,2020-01-01 19:07:57.111,2024-04-29 17:27:37.193,1581,2635,1541
11860,2020-02-05 17:09:38.224,2024-04-30 06:56:19.287,1547,3108,1520
11818,2020-01-01 19:10:28.427,2024-04-29 17:49:01.222,1581,2161,1564
995,2020-01-01 10:24:50.425,2024-04-30 12:30:48.736,1582,2686,1580
7251,2020-01-01 19:59:48.787,2024-04-30 04:15:03.901,1582,2965,1510
10197,2020-01-01 12:17:44.571,2024-04-29 23:10:29.618,1581,2082,1573
5525,2020-01-01 21:26:57.961,2024-04-29 22:31:20.489,1581,2943,1576
11967,2020-10-30 16:29:27.988,2024-04-30 02:33:47.218,1279,1670,1224
14278,2020-02-05 17:05:05.017,2024-04-29 17:52:33.005,1546,2672,1538
27962,2023-10-05 07:00:18.786,2024-04-30 10:49:35.535,209,4946,209
10202,2020-09-17 14:15:09.041,2024-04-29 15:28:32.702,1321,1888,1140
10164,2020-01-01 10:45:35.738,2024-04-30 12:13:13.502,1582,3035,1562
11590,2020-01-02 23:59:34.139,2024-04-29 23:55:56.280,1580,1725,1371
5933,2020-01-01 05:56:45.110,2024-04-30 00:01:08.033,1582,2978,1515
10799,2020-01-01 23:27:34.850,2024-04-30 12:57:52.265,1582,2653,1551
11873,2020-01-01 16:01:21.904,2024-04-29 17:23:53.520,1581,2451,1556
31420,2024-03-06 01:27:23.194,2024-04-30 10:46:01.821,56,1492,56
18302,2020-01-01 06:12:06.832,2024-04-30 09:52:14.942,1582,2547,1430
991,2020-02-05 17:13:57.755,2024-04-29 17:55:55.481,1546,2640,1534
27966,2023-09-07 10:13:43.236,2024-04-30 07:57:06.997,237,5839,237
20862,2020-10-23 21:51:36.317,2024-04-30 07:38:02.040,1286,1609,1188
1172,2020-01-01 03:21:49.040,2024-04-30 08:26:28.641,1582,2605,1571
12732,2021-01-16 11:02:57.497,2024-04-30 12:13:37.398,1201,1751,1197
20821,2020-01-01 08:15:59.420,2024-04-30 07:44:38.043,1582,2725,1417
3336,2020-01-01 06:24:05.365,2024-04-29 18:24:56.436,1581,1705,1377
5931,2020-01-01 01:22:51.681,2024-04-30 04:21:17.971,1582,3043,1555
16540,2020-01-01 00:34:03.864,2024-04-30 10:20:08.647,1582,2147,1521
11772,2023-06-13 17:13:01.911,2024-04-30 04:49:57.641,323,8190,323
11990,2020-01-01 16:11:38.386,2023-10-18 15:44:05.534,1387,2838,1207
9419,2020-02-05 17:04:10.528,2024-04-30 11:52:30.946,1547,3369,1464
11806,2020-01-01 16:48:04.306,2024-04-29 23:08:17.778,1581,1907,1548
11828,2020-01-01 21:24:18.788,2024-04-29 20:14:59.405,1581,2105,1547
9594,2023-06-16 11:38:26.975,2024-04-30 09:30:12.166,320,8622,318
14338,2020-01-01 00:56:44.993,2024-04-30 12:28:59.133,1582,2251,1531
27048,2023-09-08 08:59:00.826,2024-04-30 11:28:46.674,236,5874,236
1606,2020-01-01 07:51:04.202,2024-04-29 23:38:17.140,1581,2504,1579
7246,2020-03-04 16:57:12.635,2024-04-30 01:52:32.082,1519,1995,1263
7445,2020-04-08 11:09:42.953,2024-04-30 11:18:20.227,1484,2268,1303
11827,2020-01-01 13:23:17.106,2024-04-30 12:40:58.218,1582,2670,1579
18700,2020-05-05 16:28:31.789,2023-07-13 14:45:53.563,1165,1653,974
18741,2021-05-05 17:06:42.209,2024-04-30 13:00:19.307,1092,1136,829
22050,2020-01-01 17:46:35.501,2024-04-30 09:26:29.027,1582,2341,1560
27935,2023-09-07 06:50:17.923,2024-04-30 06:46:24.739,237,5900,237
11832,2020-01-01 02:50:08.261,2024-04-29 15:34:08.278,1581,1957,1555
6225,2020-01-01 12:27:50.370,2024-04-30 08:35:56.976,1582,2434,1577
1621,2020-01-01 14:05:21.747,2024-04-29 15:27:53.661,1581,2162,1526
2750,2020-01-01 18:03:50.164,2024-04-30 09:05:40.302,1582,2283,1485
12216,2020-01-01 00:44:57.383,2024-04-29 17:27:14.758,1581,2736,1545
6900,2020-01-01 19:23:51.324,2024-04-29 17:10:03.087,1581,1969,1517
3315,2020-01-01 13:57:42.468,2024-04-30 00:42:20.591,1582,2557,1499
11554,2020-01-01 11:25:31.510,2024-04-30 08:21:54.734,1582,2432,1508
11821,2020-02-05 17:14:03.982,2024-04-29 13:57:26.125,1546,3213,1530
12036,2020-01-01 04:04:29.651,2024-04-30 12:10:05.912,1582,2951,1580
2526,2020-01-01 21:56:08.246,2024-04-30 12:02:05.159,1582,2402,1569
13750,2020-02-11 05:40:36.116,2023-08-23 15:44:18.666,1290,1797,878
5938,2020-01-01 17:47:18.468,2024-04-29 22:35:29.397,1581,3118,1479
1875,2020-01-05 09:37:54.384,2024-04-29 10:38:42.470,1577,2399,1293
1655,2020-09-18 09:00:53.714,2024-04-29 22:20:55.248,1320,2555,1306
1173,2020-01-01 12:31:09.692,2024-04-30 08:28:30.604,1582,2822,1513
10139,2020-02-05 17:02:25.160,2024-04-30 08:27:15.341,1547,3187,1532
10204,2024-01-22 12:56:35.284,2024-04-29 14:19:00.019,99,2257,98
11794,2020-01-01 16:30:12.288,2024-04-29 17:05:41.119,1581,2086,1567
1116,2020-01-01 20:37:23.534,2024-04-29 18:39:33.200,1581,2459,1424
1459,2020-02-05 17:11:01.290,2024-04-29 17:05:37.151,1546,3123,1514
18301,2020-01-02 04:35:46.822,2024-04-30 08:22:11.994,1581,2841,1507
10240,2023-12-07 00:58:37.066,2024-04-30 07:03:20.085,146,3773,146
10130,2020-01-01 01:20:55.492,2024-04-30 10:56:31.926,1582,2523,1557
11562,2020-01-17 14:00:09.882,2024-04-30 12:20:45.530,1566,1731,1096
20160,2020-01-01 08:05:42.310,2024-04-30 07:45:14.058,1582,2543,1481
7252,2020-01-01 14:57:20.508,2024-04-30 10:41:59.018,1582,2573,1545
18731,2020-09-17 14:16:45.180,2024-04-29 22:25:18.564,1321,1976,1294
6224,2020-01-01 13:57:15.289,2024-04-30 11:11:16.799,1582,2381,1579
11824,2020-02-05 17:07:56.300,2024-04-30 08:27:00.359,1547,2387,1464
5752,2020-01-01 16:33:23.665,2024-04-30 12:14:31.689,1582,2736,1566
27964,2023-08-04 21:57:51.124,2024-04-30 08:16:07.634,271,5154,228
10142,2020-01-01 02:12:58.095,2024-04-30 07:29:43.822,1582,1752,1541
6902,2020-09-18 08:59:52.397,2024-04-29 23:29:55.320,1320,1613,1206
13490,2020-01-01 16:39:30.382,2023-08-06 07:22:03.415,1314,2180,1296
12861,2023-06-16 11:11:59.860,2024-04-29 21:34:35.339,319,8405,318
11939,2020-01-01 14:38:11.178,2024-04-30 12:56:27.297,1582,2637,1513
10078,2020-01-01 04:54:42.870,2024-04-30 11:19:50.558,1582,1945,1304
12496,2020-01-01 04:12:07.512,2024-04-29 11:32:11.275,1581,2276,1560
10112,2020-03-04 16:46:09.638,2024-04-30 10:23:22.701,1519,1904,1244
11922,2020-01-01 04:20:01.208,2024-04-30 05:41:00.468,1582,2266,1580
16176,2020-01-01 22:07:00.907,2024-04-29 13:27:39.178,1581,2258,1551
10698,2023-06-15 05:03:47.803,2024-04-29 16:58:42.616,320,7734,320
14114,2023-11-01 23:00:54.560,2024-04-30 10:30:33.310,182,4279,182
2503,2020-01-01 01:19:39.160,2024-04-30 10:55:45.325,1582,2423,1514
6092,2020-05-05 14:03:14.714,2024-04-29 22:39:10.844,1456,1991,1240
6221,2021-01-16 13:18:04.932,2024-04-30 08:27:42.118,1201,1529,1172
11774,2020-01-01 09:59:47.769,2024-04-30 08:31:16.460,1582,2315,1484
10163,2020-01-01 14:29:21.006,2024-04-29 13:41:26.033,1581,2139,1579
11593,2020-01-01 14:45:31.989,2024-04-21 13:28:12.783,1573,1135,954
12462,2020-01-01 03:43:11.464,2024-04-29 21:22:41.407,1581,2627,1545
11829,2020-01-20 02:46:43.570,2024-04-29 15:24:52.966,1562,1602,1423
10081,2020-01-01 03:51:28.790,2024-04-29 13:33:42.436,1581,2125,1567
13633,2020-01-01 06:17:49.392,2024-04-29 12:06:19.881,1581,2493,1525
11802,2020-01-01 15:24:17.693,2024-04-29 14:10:05.598,1581,1842,1387
6904,2020-01-01 00:56:03.143,2024-04-29 14:09:38.706,1581,2284,1539
11862,2020-01-01 06:18:11.944,2024-04-30 09:15:28.444,1582,2276,1575
13243,2023-06-16 09:39:47.292,2024-04-30 04:43:34.501,320,7805,320
9879,2020-10-22 09:19:12.959,2024-04-30 12:07:22.300,1287,2387,1164
18761,2020-01-01 01:04:37.973,2024-04-30 12:52:30.243,1582,2766,1533
1856,2020-02-05 17:07:08.566,2024-04-29 22:29:53.032,1546,2431,1525
11993,2020-02-05 17:14:28.768,2024-04-30 08:47:44.581,1547,3123,1517
1055,2023-06-14 23:36:34.674,2024-04-30 01:13:34.638,322,7530,318
10168,2020-01-01 10:59:31.239,2024-04-30 10:52:26.618,1582,2860,1564
2852,2020-01-01 09:25:23.179,2024-04-29 15:37:51.102,1581,2216,1483
12344,2020-01-01 10:48:08.150,2024-04-29 14:52:16.163,1581,2417,1543
7612,2023-10-28 16:19:00.554,2024-04-30 05:57:59.207,186,4532,186
10416,2020-01-01 13:11:38.105,2024-04-30 05:12:23.455,1582,1995,1442
17827,2020-05-06 07:59:49.926,2024-04-29 23:09:43.638,1455,1939,1254
6906,2020-01-01 23:26:46.408,2024-04-30 11:32:04.135,1582,2490,1551
6240,2020-09-18 08:52:25.237,2024-04-30 12:16:59.675,1321,2175,1315
12674,2020-01-01 13:38:16.144,2024-04-30 08:44:59.019,1582,2213,1546
10153,2020-01-01 04:42:46.082,2024-04-29 22:46:00.432,1581,2089,1574
1399,2023-01-09 09:56:23.025,2024-04-30 11:40:31.835,478,11443,478
904,2020-02-05 17:13:56.433,2024-04-30 11:06:40.629,1547,2376,1513
1300,2023-06-14 12:47:35.286,2024-04-30 04:41:16.395,322,8022,322
9963,2020-02-05 17:14:16.785,2024-04-29 21:43:28.320,1546,2370,1506
892,2020-09-17 14:09:54.935,2024-04-30 11:21:51.508,1322,2044,1320
16857,2020-01-01 15:20:58.168,2024-04-24 13:10:26.718,1576,2527,1380
11566,2023-06-13 17:06:51.478,2024-04-29 13:46:54.453,322,7880,322
10151,2020-09-18 08:53:47.935,2024-04-29 13:24:53.475,1320,2031,1309
18139,2020-02-05 17:12:00.905,2024-04-29 16:04:38.966,1546,2327,1376
13491,2020-01-01 01:15:23.367,2024-04-29 12:45:57.493,1581,2086,1279
10835,2020-01-08 20:06:33.016,2024-04-29 17:17:55.178,1574,2130,1197
6228,2020-01-01 21:11:46.221,2024-04-29 19:40:12.544,1581,1810,1422
18141,2021-05-05 17:05:13.164,2024-04-30 11:07:22.563,1092,1780,1059
10092,2020-01-01 10:37:35.787,2024-04-30 12:23:08.717,1582,2298,1454
470,2023-06-16 16:10:13.261,2024-04-30 07:22:44.303,320,7699,320
16516,2020-01-01 21:07:41.746,2024-04-29 20:13:53.246,1581,2044,1557
11706,2023-06-16 01:35:13.179,2024-04-30 11:50:22.159,320,8090,320
10157,2020-01-01 10:59:29.022,2024-04-30 04:27:42.566,1582,2700,1579
2747,2020-02-21 20:09:23.529,2024-04-30 07:43:56.934,1531,3261,1304
10132,2020-01-01 13:44:46.349,2024-04-30 12:46:16.409,1582,3041,1565
29098,2020-01-01 20:51:28.310,2024-04-30 04:27:36.504,1582,2538,1556
16104,2020-01-02 11:18:39.090,2023-10-05 15:52:58.366,1373,1801,963
1866,2023-06-16 15:47:11.179,2024-04-30 10:13:01.500,320,7636,320
629,2020-01-01 09:35:00.723,2024-04-24 15:28:52.240,1576,2179,1268
1610,2020-01-01 22:08:48.685,2024-04-29 17:42:36.674,1581,2092,1517
5673,2020-01-01 00:25:10.133,2024-04-30 06:34:31.612,1582,3126,1579
10149,2020-01-01 14:31:17.246,2024-04-30 02:00:43.560,1582,3338,1525
11264,2020-01-01 17:10:24.668,2024-04-29 20:49:44.279,1581,2358,1482
11819,2020-01-01 19:06:20.992,2024-04-30 10:23:35.994,1582,2572,1550
7597,2023-12-09 02:13:30.748,2024-04-30 12:56:37.291,144,3385,144
10134,2020-01-01 03:22:40.482,2024-04-29 21:07:54.725,1581,2895,1423
8136,2023-10-29 17:02:02.805,2024-04-30 12:08:20.118,185,4465,185
11564,2023-06-15 09:23:43.218,2024-04-30 07:00:05.844,321,7704,321
17956,2020-09-17 14:09:20.039,2024-04-29 18:24:12.609,1321,2374,1317
5930,2020-01-01 02:16:28.684,2024-04-30 08:16:36.523,1582,3696,1551
22056,2020-02-05 17:03:55.222,2024-04-29 14:21:20.958,1546,2228,1538
12482,2020-01-01 19:57:21.389,2024-04-30 09:42:38.917,1582,2113,1576
2171,2020-01-01 02:57:29.373,2024-04-30 08:28:21.648,1582,1942,1564
10194,2020-01-01 20:36:01.130,2024-04-29 20:08:34.939,1581,1931,1528
14370,2024-01-17 05:43:26.331,2024-04-30 12:31:59.187,105,2451,105
7947,2020-01-01 16:32:09.919,2024-04-30 07:30:33.199,1582,2448,1520
13081,2020-01-01 12:35:29.425,2024-04-30 07:55:28.970,1582,2247,1560
5642,2021-02-15 13:34:56.993,2024-03-13 06:10:57.486,1123,1564,1108
7702,2020-01-01 12:20:14.332,2024-04-30 10:22:51.005,1582,2507,1564
24557,2023-06-13 21:41:56.016,2024-04-29 20:17:56.510,322,7861,322
6915,2020-02-05 17:05:54.771,2024-04-30 11:31:08.840,1547,2178,1291
11213,2020-01-01 18:28:10.411,2024-04-30 03:00:08.136,1582,2211,1576
13929,2023-12-05 20:54:37.918,2024-04-30 01:27:47.120,148,3511,148
11558,2020-01-01 09:16:26.153,2024-04-29 23:26:57.484,1581,2126,1555
15956,2023-06-15 16:58:52.336,2024-04-29 20:10:48.465,320,7869,320
17766,2023-07-14 16:41:30.239,2024-04-29 23:57:18.617,291,5205,231
11992,2021-02-25 15:37:15.709,2024-04-29 23:58:00.159,1160,1942,1160
3137,2020-01-01 16:23:30.327,2024-04-29 23:31:14.466,1581,2001,1546
18823,2021-02-25 15:50:03.169,2024-04-30 07:29:16.084,1161,1770,1158
197,2020-01-01 02:21:00.798,2024-04-29 12:39:49.221,1581,1920,1540
11026,2020-05-05 15:04:55.293,2024-04-29 12:53:39.357,1456,1807,1404
9660,2020-01-01 07:12:02.622,2024-04-30 07:48:57.495,1582,2985,1551
1298,2020-01-01 14:44:49.671,2024-04-29 20:00:18.300,1581,2079,1535
11833,2023-09-07 06:35:43.552,2024-04-29 20:52:00.492,236,5857,236
20390,2023-06-16 13:28:16.178,2024-04-30 10:58:52.248,320,7688,320
9579,2020-05-05 16:24:02.037,2023-10-12 14:30:29.361,1256,1540,1081
11835,2020-01-01 05:22:20.647,2024-04-29 09:54:37.658,1581,2274,1574
10200,2020-09-18 08:58:08.035,2024-04-29 14:57:32.261,1320,1878,1071
25444,2023-07-17 17:06:45.291,2024-04-29 19:49:03.932,288,10218,228
10548,2020-01-01 02:56:02.326,2024-04-30 11:22:29.280,1582,2274,1574
11883,2020-01-01 12:14:41.809,2024-04-29 16:46:24.869,1581,2080,1330
11838,2020-10-22 12:04:45.398,2024-04-30 12:57:19.987,1287,1826,1280
10103,2020-01-01 22:07:36.005,2024-04-24 13:51:56.042,1576,1655,1261
192,2020-01-16 05:02:40.071,2024-04-30 08:26:05.948,1567,1515,1096
9545,2020-01-01 11:11:04.792,2024-04-14 14:34:01.262,1566,1465,1098
18136,2020-09-18 15:29:59.639,2024-04-24 13:36:05.101,1315,2462,1174
20619,2020-01-01 23:26:28.882,2024-04-30 12:50:21.552,1582,3283,1564
17812,2020-10-24 16:36:00.639,2024-04-30 13:01:38.553,1285,2630,1248
11811,2020-01-01 23:41:24.027,2024-04-29 15:17:39.603,1581,2284,1416
10138,2020-01-01 13:25:35.924,2024-04-30 08:50:34.541,1582,3123,1571
14325,2020-01-01 15:46:51.727,2024-04-30 04:39:24.160,1582,2008,1500
10143,2020-01-01 17:44:13.128,2024-04-30 04:35:21.537,1582,2950,1575
12655,2020-01-01 00:22:16.149,2024-04-29 18:47:48.278,1581,2522,1553
2853,2023-06-13 18:07:45.103,2024-04-30 04:42:25.028,323,7941,323
11807,2020-01-01 12:51:10.429,2024-04-30 09:58:59.552,1582,2329,1516
10083,2020-01-01 08:02:32.296,2024-04-30 11:16:25.316,1582,2245,1573
12461,2020-02-05 17:06:50.571,2024-04-30 07:40:59.945,1547,1884,1264
10105,2020-01-01 02:45:18.963,2024-04-30 10:27:03.305,1582,2023,1544
7945,2020-01-01 01:47:03.113,2024-04-29 20:58:07.187,1581,2149,1538
3151,2020-01-01 08:03:20.508,2024-04-30 11:57:36.184,1582,1690,1376
9643,2020-01-01 02:02:18.439,2024-04-30 00:41:24.922,1582,3088,1580
12590,2020-01-02 00:21:32.526,2024-04-29 17:17:48.374,1580,2345,1364
10198,2020-01-01 02:12:47.964,2024-04-30 12:50:28.566,1582,2401,1556
10077,2024-01-22 09:41:41.249,2024-04-29 19:58:46.280,99,2331,99
6046,2020-02-05 17:11:15.213,2024-04-30 11:39:14.415,1547,2930,1337
11789,2020-01-01 00:27:10.588,2024-04-29 18:17:32.132,1581,2280,1564
9787,2023-06-20 08:47:41.490,2024-04-30 02:30:44.852,316,7642,316
3419,2020-02-05 17:06:44.249,2024-04-29 20:21:52.227,1546,2217,1503
6227,2020-01-01 14:04:48.105,2024-04-30 08:18:48.301,1582,1655,1233
5815,2020-01-01 12:00:10.667,2024-04-29 16:05:42.398,1581,2151,1360
10165,2020-01-01 17:10:27.735,2024-04-30 01:58:18.568,1582,2425,1552
12291,2020-09-18 08:53:22.647,2024-04-30 07:57:36.091,1321,2160,1308
11799,2023-06-16 14:28:52.029,2024-04-30 05:38:36.552,320,7801,320
10166,2024-01-22 11:38:32.774,2024-04-30 12:50:22.089,100,2365,100
20794,2023-11-18 06:02:38.462,2024-04-30 10:25:10.362,165,3942,165
11808,2020-03-04 17:09:49.370,2024-04-29 16:41:55.324,1518,1771,1267
10095,2024-01-22 13:16:56.567,2024-04-30 05:46:21.063,100,2329,100
10171,2020-01-01 14:42:29.870,2024-04-30 03:14:21.131,1582,2056,1574
18689,2020-01-02 20:48:03.946,2024-04-30 10:04:31.130,1581,2747,1325
2321,2020-02-05 17:14:06.561,2024-04-30 08:35:22.565,1547,3138,1509
11844,2020-01-01 02:49:45.404,2024-04-29 19:37:46.306,1581,2000,1520
11555,2020-01-01 09:33:58.282,2024-04-30 08:22:16.199,1582,2370,1563
12459,2020-02-05 17:06:15.557,2024-04-30 12:36:59.704,1547,2342,1300
10188,2020-01-08 21:41:03.315,2024-04-30 11:23:40.829,1575,1770,948
7361,2023-06-14 08:02:22.915,2024-04-30 09:17:16.870,322,8044,322
24584,2020-02-05 17:13:03.722,2024-04-30 12:09:18.302,1547,2124,1224
10150,2020-01-01 06:16:27.412,2024-04-29 14:35:46.038,1581,2482,1576
17908,2021-05-05 17:07:06.083,2024-04-29 21:17:11.150,1091,2025,1063
13579,2020-01-01 08:24:12.652,2024-04-30 11:27:41.243,1582,2891,1417
787,2020-01-01 21:41:15.423,2024-04-29 17:02:20.118,1581,2458,1500
11588,2020-01-01 19:49:43.786,2024-04-30 11:20:11.738,1582,3164,1495
12390,2020-01-01 05:21:15.908,2024-04-30 11:54:44.750,1582,2518,1561
10037,2020-01-01 05:12:46.665,2024-04-29 13:59:17.721,1581,2109,1455
3224,2020-01-01 05:02:55.482,2024-04-30 11:35:39.066,1582,2983,1552
11571,2020-01-01 13:06:15.113,2024-04-29 17:59:23.992,1581,2710,1426
11984,2020-01-01 04:38:00.766,2024-04-30 10:31:36.151,1582,2950,1563
10180,2020-01-01 03:24:12.945,2024-04-29 17:58:17.863,1581,1893,1544
20348,2020-05-05 13:42:12.371,2024-04-30 06:13:00.197,1457,1376,1082
6237,2020-01-01 21:27:12.812,2024-04-30 12:35:41.530,1582,2425,1569
18851,2020-09-17 14:09:45.746,2024-04-30 07:49:39.357,1322,1741,1212
