date,n_trips,kg_total,km_total,driver_prefill_median,sensor_fillpct_median
2020-01-01,0,0.0,0.0,,100.0
2020-01-02,12,27620.0,1433.0,75.0,100.0
2020-01-03,13,28740.0,1798.0,100.0,100.0
2020-01-04,4,14080.0,550.0,75.0,100.0
2020-01-05,0,0.0,0.0,,100.0
2020-01-06,13,34340.0,1466.0,75.0,100.0
2020-01-07,7,15600.0,867.0,75.0,100.0
2020-01-08,10,30880.0,1365.0,75.0,100.0
2020-01-09,9,17760.0,1202.0,100.0,100.0
2020-01-10,10,19740.0,1166.0,75.0,100.0
2020-01-11,3,15000.0,440.0,50.0,100.0
2020-01-12,0,0.0,0.0,,100.0
2020-01-13,12,30940.0,1519.0,75.0,100.0
2020-01-14,5,11760.0,603.0,87.5,100.0
2020-01-15,14,34940.0,1880.0,75.0,100.0
2020-01-16,10,20320.0,1202.0,75.0,100.0
2020-01-17,10,28880.0,1115.0,62.5,100.0
2020-01-18,2,3220.0,275.0,62.5,100.0
2020-01-19,0,0.0,0.0,,100.0
2020-01-20,9,21940.0,1021.0,62.5,100.0
2020-01-21,10,27900.0,1207.0,75.0,100.0
2020-01-22,11,24280.0,1225.0,50.0,100.0
2020-01-23,9,16480.0,1101.0,75.0,100.0
2020-01-24,8,26580.0,934.0,87.5,100.0
2020-01-25,5,9260.0,812.0,50.0,100.0
2020-01-26,0,0.0,0.0,,100.0
2020-01-27,12,35320.0,1769.0,50.0,100.0
2020-01-28,12,27480.0,1583.0,75.0,100.0
2020-01-29,11,25400.0,1471.0,50.0,100.0
2020-01-30,9,23460.0,1162.0,50.0,100.0
2020-01-31,8,15360.0,899.0,50.0,100.0
2020-02-01,3,6340.0,458.0,50.0,100.0
2020-02-02,0,0.0,0.0,,100.0
2020-02-03,16,53280.0,1966.0,75.0,100.0
2020-02-04,10,20640.0,1303.0,75.0,100.0
2020-02-05,11,30680.0,1532.0,50.0,100.0
2020-02-06,13,40660.0,1858.0,50.0,100.0
2020-02-07,12,24680.0,1412.0,75.0,100.0
2020-02-08,0,0.0,0.0,,100.0
2020-02-09,0,0.0,0.0,,100.0
2020-02-10,9,22060.0,1042.0,50.0,100.0
2020-02-11,8,23240.0,1037.0,75.0,100.0
2020-02-12,14,37020.0,1902.0,75.0,100.0
2020-02-13,11,21420.0,1225.0,75.0,100.0
2020-02-14,10,26500.0,1498.0,75.0,100.0
2020-02-15,5,8480.0,685.0,62.5,100.0
2020-02-16,0,0.0,0.0,,100.0
2020-02-17,11,30900.0,1294.0,75.0,100.0
2020-02-18,10,29060.0,1258.0,75.0,100.0
2020-02-19,12,31720.0,1431.0,50.0,100.0
2020-02-20,11,26040.0,1264.0,75.0,100.0
2020-02-21,7,14340.0,797.0,75.0,100.0
2020-02-22,6,10340.0,953.0,50.0,100.0
2020-02-23,0,0.0,0.0,,100.0
2020-02-24,13,34540.0,1377.0,75.0,100.0
2020-02-25,6,12000.0,848.0,75.0,100.0
2020-02-26,13,29380.0,1684.0,75.0,100.0
2020-02-27,8,14700.0,915.0,75.0,100.0
2020-02-28,12,32980.0,1548.0,50.0,100.0
2020-02-29,7,13680.0,927.0,75.0,100.0
2020-03-01,0,0.0,0.0,,100.0
2020-03-02,15,37280.0,1798.0,75.0,100.0
2020-03-03,7,26860.0,792.0,75.0,100.0
2020-03-04,7,24480.0,852.0,50.0,100.0
2020-03-05,8,27960.0,1023.0,50.0,100.0
2020-03-06,14,32900.0,1801.0,62.5,100.0
2020-03-07,5,7480.0,787.0,50.0,100.0
2020-03-08,0,0.0,0.0,,100.0
2020-03-09,14,40380.0,1745.0,75.0,100.0
2020-03-10,9,18800.0,1148.0,50.0,100.0
2020-03-11,11,20200.0,1574.0,50.0,100.0
2020-03-12,10,18500.0,1098.0,75.0,100.0
2020-03-13,10,13480.0,1194.0,75.0,100.0
2020-03-14,3,13140.0,505.0,50.0,100.0
2020-03-15,0,0.0,0.0,,100.0
2020-03-16,9,20980.0,1010.0,75.0,100.0
2020-03-17,9,27400.0,1034.0,50.0,100.0
2020-03-18,13,29200.0,1551.0,100.0,100.0
2020-03-19,9,18840.0,1203.0,75.0,100.0
2020-03-20,10,30800.0,1325.0,50.0,100.0
2020-03-21,2,4240.0,294.0,75.0,100.0
2020-03-22,0,0.0,0.0,,100.0
2020-03-23,9,21500.0,1018.0,100.0,100.0
2020-03-24,10,22700.0,1077.0,62.5,100.0
2020-03-25,10,28000.0,1452.0,62.5,100.0
2020-03-26,8,18300.0,969.0,75.0,100.0
2020-03-27,9,20260.0,995.0,75.0,100.0
2020-03-28,8,19060.0,1352.0,100.0,100.0
2020-03-29,0,0.0,0.0,,100.0
2020-03-30,12,31940.0,1290.0,62.5,100.0
2020-03-31,10,27060.0,1305.0,75.0,100.0
2020-04-01,7,23000.0,939.0,50.0,100.0
2020-04-02,9,17560.0,1086.0,75.0,100.0
2020-04-03,9,20480.0,1147.0,75.0,100.0
2020-04-04,2,3320.0,233.0,62.5,100.0
2020-04-05,0,0.0,0.0,,100.0
2020-04-06,10,31400.0,1251.0,75.0,100.0
2020-04-07,11,25340.0,1301.0,50.0,100.0
2020-04-08,10,31800.0,1310.0,50.0,100.0
2020-04-09,11,33380.0,1637.0,50.0,100.0
2020-04-10,10,32500.0,1140.0,50.0,100.0
2020-04-11,3,7540.0,479.0,75.0,100.0
2020-04-12,0,0.0,0.0,,100.0
2020-04-13,13,35760.0,1647.0,50.0,100.0
2020-04-14,7,15840.0,893.0,75.0,100.0
2020-04-15,12,26660.0,1667.0,50.0,100.0
2020-04-16,10,30540.0,1174.0,75.0,100.0
2020-04-17,12,35660.0,1618.0,50.0,100.0
2020-04-18,1,2440.0,243.0,100.0,100.0
2020-04-19,0,0.0,0.0,,100.0
2020-04-20,10,32700.0,1092.0,75.0,100.0
2020-04-21,10,22820.0,1252.0,75.0,100.0
2020-04-22,12,35400.0,1721.0,50.0,100.0
2020-04-23,10,21840.0,1349.0,75.0,100.0
2020-04-24,10,23560.0,1250.0,75.0,100.0
2020-04-25,6,11920.0,770.0,75.0,100.0
2020-04-26,0,0.0,0.0,,100.0
2020-04-27,16,51040.0,2157.0,75.0,100.0
2020-04-28,8,21520.0,787.0,75.0,100.0
2020-04-29,10,29560.0,1330.0,100.0,100.0
2020-04-30,7,15260.0,871.0,75.0,100.0
2020-05-01,10,21180.0,1239.0,87.5,100.0
2020-05-02,3,5820.0,433.0,50.0,100.0
2020-05-03,0,0.0,0.0,,100.0
2020-05-04,10,23100.0,1103.0,62.5,100.0
2020-05-05,14,33060.0,1867.0,75.0,100.0
2020-05-06,12,26160.0,1739.0,75.0,100.0
2020-05-07,12,50200.0,1572.0,50.0,100.0
2020-05-08,8,30660.0,995.0,50.0,100.0
2020-05-09,3,6360.0,353.0,75.0,100.0
2020-05-10,0,0.0,0.0,,100.0
2020-05-11,13,38200.0,1767.0,75.0,100.0
2020-05-12,10,30140.0,1270.0,50.0,100.0
2020-05-13,7,16440.0,941.0,100.0,100.0
2020-05-14,11,22500.0,1456.0,75.0,100.0
2020-05-15,13,34600.0,1546.0,50.0,100.0
2020-05-16,6,13700.0,931.0,75.0,100.0
2020-05-17,0,0.0,0.0,,100.0
2020-05-18,11,42600.0,1258.0,75.0,100.0
2020-05-19,8,18000.0,935.0,75.0,100.0
2020-05-20,10,21000.0,1544.0,50.0,100.0
2020-05-21,9,20360.0,1010.0,75.0,100.0
2020-05-22,11,23520.0,1277.0,62.5,100.0
2020-05-23,3,6080.0,485.0,75.0,100.0
2020-05-24,0,0.0,0.0,,100.0
2020-05-25,11,26500.0,1364.0,75.0,100.0
2020-05-26,9,28140.0,1213.0,75.0,100.0
2020-05-27,11,31060.0,1556.0,75.0,100.0
2020-05-28,11,36760.0,1425.0,75.0,100.0
2020-05-29,12,33020.0,1626.0,50.0,100.0
2020-05-30,4,8360.0,510.0,50.0,100.0
2020-05-31,0,0.0,0.0,,100.0
2020-06-01,12,27920.0,1417.0,75.0,100.0
2020-06-02,8,19580.0,1060.0,75.0,100.0
2020-06-03,8,16780.0,1127.0,87.5,100.0
2020-06-04,9,18900.0,1078.0,75.0,100.0
2020-06-05,9,18080.0,1033.0,75.0,100.0
2020-06-06,6,11120.0,973.0,100.0,100.0
2020-06-07,0,0.0,0.0,,100.0
2020-06-08,13,32900.0,1634.0,75.0,100.0
2020-06-09,10,30920.0,1168.0,100.0,100.0
2020-06-10,7,14980.0,980.0,100.0,100.0
2020-06-11,8,14000.0,843.0,75.0,100.0
2020-06-12,9,28340.0,1051.0,50.0,100.0
2020-06-13,9,20600.0,1277.0,100.0,100.0
2020-06-14,0,0.0,0.0,,100.0
2020-06-15,12,35880.0,1446.0,75.0,100.0
2020-06-16,7,25920.0,991.0,75.0,100.0
2020-06-17,10,33760.0,1373.0,50.0,100.0
2020-06-18,11,22480.0,1450.0,75.0,100.0
2020-06-19,11,28560.0,1327.0,75.0,100.0
2020-06-20,3,4840.0,355.0,50.0,100.0
2020-06-21,0,0.0,0.0,,100.0
2020-06-22,10,22660.0,1239.0,100.0,100.0
2020-06-23,10,29840.0,1210.0,75.0,100.0
2020-06-24,9,18600.0,1337.0,50.0,100.0
2020-06-25,9,19040.0,1008.0,75.0,100.0
2020-06-26,12,25640.0,1445.0,50.0,100.0
2020-06-27,5,10220.0,681.0,75.0,100.0
2020-06-28,0,0.0,0.0,,100.0
2020-06-29,10,26720.0,1237.0,62.5,100.0
2020-06-30,12,26640.0,1601.0,75.0,100.0
2020-07-01,9,19340.0,1100.0,100.0,100.0
2020-07-02,8,24680.0,1066.0,100.0,100.0
2020-07-03,7,14440.0,906.0,75.0,100.0
2020-07-04,6,11340.0,776.0,75.0,100.0
2020-07-05,0,0.0,0.0,,100.0
2020-07-06,8,23020.0,838.0,75.0,100.0
2020-07-07,8,19000.0,872.0,100.0,100.0
2020-07-08,8,25280.0,1152.0,75.0,100.0
2020-07-09,5,17140.0,647.0,100.0,100.0
2020-07-10,10,23320.0,1272.0,100.0,100.0
2020-07-11,10,19000.0,1467.0,75.0,100.0
2020-07-12,0,0.0,0.0,,100.0
2020-07-13,12,26800.0,1225.0,100.0,100.0
2020-07-14,9,21880.0,1127.0,75.0,100.0
2020-07-15,7,23220.0,1049.0,50.0,100.0
2020-07-16,10,20440.0,1423.0,75.0,100.0
2020-07-17,10,26460.0,1346.0,75.0,100.0
2020-07-18,6,13100.0,751.0,75.0,100.0
2020-07-19,0,0.0,0.0,,100.0
2020-07-20,12,32560.0,1455.0,75.0,100.0
2020-07-21,10,24180.0,1324.0,75.0,100.0
2020-07-22,9,17700.0,1109.0,100.0,100.0
2020-07-23,11,30840.0,1457.0,75.0,100.0
2020-07-24,10,29300.0,1275.0,75.0,100.0
2020-07-25,4,7900.0,580.0,100.0,100.0
2020-07-26,0,0.0,0.0,,100.0
2020-07-27,8,19200.0,935.0,75.0,100.0
2020-07-28,12,26960.0,1452.0,75.0,100.0
2020-07-29,12,41840.0,1791.0,75.0,100.0
2020-07-30,11,30580.0,1631.0,75.0,100.0
2020-07-31,13,32780.0,1456.0,100.0,100.0
2020-08-01,6,12000.0,1014.0,75.0,100.0
2020-08-02,0,0.0,0.0,,100.0
2020-08-03,11,28980.0,1508.0,75.0,100.0
2020-08-04,15,54560.0,1891.0,75.0,100.0
2020-08-05,9,29160.0,1043.0,50.0,100.0
2020-08-06,16,58020.0,2002.0,75.0,100.0
2020-08-07,6,12620.0,760.0,87.5,100.0
2020-08-08,6,13640.0,880.0,87.5,100.0
2020-08-09,0,0.0,0.0,,100.0
2020-08-10,11,25920.0,1277.0,75.0,100.0
2020-08-11,10,23360.0,1204.0,75.0,100.0
2020-08-12,8,26480.0,1138.0,75.0,100.0
2020-08-13,12,33580.0,1612.0,75.0,100.0
2020-08-14,15,33180.0,1912.0,75.0,100.0
2020-08-15,7,14620.0,1032.0,100.0,100.0
2020-08-16,0,0.0,0.0,,100.0
2020-08-17,12,46780.0,1689.0,75.0,100.0
2020-08-18,13,31580.0,1668.0,100.0,100.0
2020-08-19,6,19640.0,677.0,100.0,100.0
2020-08-20,14,43540.0,1848.0,100.0,100.0
2020-08-21,11,31460.0,1340.0,50.0,100.0
2020-08-22,3,5380.0,431.0,75.0,100.0
2020-08-23,0,0.0,0.0,,100.0
2020-08-24,12,28680.0,1487.0,100.0,100.0
2020-08-25,9,27060.0,1097.0,75.0,100.0
2020-08-26,7,22360.0,924.0,100.0,100.0
2020-08-27,9,28180.0,1207.0,100.0,100.0
2020-08-28,13,26100.0,1758.0,100.0,100.0
2020-08-29,9,16800.0,1285.0,100.0,100.0
2020-08-30,0,0.0,0.0,,100.0
2020-08-31,10,41760.0,1362.0,75.0,100.0
2020-09-01,8,16060.0,883.0,75.0,100.0
2020-09-02,12,40940.0,1540.0,50.0,100.0
2020-09-03,14,47480.0,1730.0,75.0,100.0
2020-09-04,15,29960.0,2055.0,75.0,100.0
2020-09-05,3,6780.0,431.0,75.0,100.0
2020-09-06,0,0.0,0.0,,100.0
2020-09-07,6,12060.0,694.0,75.0,100.0
2020-09-08,13,37040.0,1629.0,100.0,100.0
2020-09-09,13,32980.0,1684.0,75.0,100.0
2020-09-10,11,18840.0,1507.0,75.0,100.0
2020-09-11,10,34260.0,1316.0,50.0,100.0
2020-09-12,3,4880.0,406.0,100.0,100.0
2020-09-13,0,0.0,0.0,,100.0
2020-09-14,8,21340.0,964.0,75.0,100.0
2020-09-15,12,25260.0,1428.0,75.0,100.0
2020-09-16,9,17860.0,1278.0,75.0,100.0
2020-09-17,9,18080.0,1057.0,75.0,100.0
2020-09-18,11,33440.0,1483.0,50.0,100.0
2020-09-19,2,4340.0,265.0,50.0,100.0
2020-09-20,0,0.0,0.0,,100.0
2020-09-21,12,35120.0,1370.0,75.0,100.0
2020-09-22,9,22400.0,1229.0,75.0,100.0
2020-09-23,7,17860.0,1068.0,75.0,100.0
2020-09-24,10,26260.0,1236.0,75.0,100.0
2020-09-25,12,32900.0,1500.0,50.0,100.0
2020-09-26,5,9360.0,643.0,50.0,100.0
2020-09-27,0,0.0,0.0,,100.0
2020-09-28,8,19040.0,1018.0,62.5,100.0
2020-09-29,10,32220.0,1351.0,75.0,100.0
2020-09-30,6,13260.0,795.0,75.0,100.0
2020-10-01,11,31220.0,1310.0,75.0,100.0
2020-10-02,11,26680.0,1309.0,75.0,100.0
2020-10-03,0,0.0,0.0,,100.0
2020-10-04,0,0.0,0.0,,100.0
2020-10-05,10,29600.0,1349.0,75.0,100.0
2020-10-06,11,23640.0,1623.0,75.0,100.0
2020-10-07,13,43000.0,1743.0,75.0,100.0
2020-10-08,9,17920.0,1235.0,75.0,100.0
2020-10-09,7,18900.0,942.0,50.0,100.0
2020-10-10,4,7820.0,541.0,75.0,100.0
2020-10-11,0,0.0,0.0,,100.0
2020-10-12,11,21180.0,1467.0,100.0,100.0
2020-10-13,15,33000.0,1978.0,100.0,100.0
2020-10-14,5,9900.0,555.0,62.5,100.0
2020-10-15,8,21940.0,964.0,75.0,100.0
2020-10-16,6,11220.0,661.0,75.0,98.78
2020-10-17,2,2940.0,300.0,100.0,68.29
2020-10-18,0,0.0,0.0,,76.83
2020-10-19,13,38080.0,1562.0,75.0,98.78
2020-10-20,13,25580.0,1629.0,75.0,60.98
2020-10-21,10,30060.0,1431.0,50.0,58.54
2020-10-22,8,16980.0,1051.0,75.0,46.34
2020-10-23,7,11880.0,757.0,50.0,42.07
2020-10-24,0,0.0,0.0,,37.8
2020-10-25,0,0.0,0.0,,39.02
2020-10-26,12,40600.0,1513.0,50.0,40.24
2020-10-27,10,21920.0,1242.0,25.0,42.68
2020-10-28,8,17200.0,1061.0,75.0,46.34
2020-10-29,11,28500.0,1307.0,75.0,42.68
2020-10-30,10,17520.0,1241.0,50.0,45.78
2020-10-31,2,4080.0,279.0,75.0,45.12
2020-11-01,0,0.0,0.0,,42.68
2020-11-02,5,17620.0,615.0,75.0,45.73
2020-11-03,12,32560.0,1623.0,50.0,36.59
2020-11-04,12,25080.0,1485.0,87.5,26.83
2020-11-05,11,20180.0,1407.0,75.0,26.83
2020-11-06,7,11080.0,792.0,75.0,26.83
2020-11-07,1,1960.0,212.0,75.0,26.83
2020-11-08,0,0.0,0.0,,31.71
2020-11-09,9,27520.0,1098.0,50.0,37.2
2020-11-10,15,39540.0,1834.0,75.0,40.24
2020-11-11,10,32460.0,1424.0,75.0,34.15
2020-11-12,9,15460.0,1367.0,75.0,32.93
2020-11-13,11,29100.0,1559.0,50.0,32.93
2020-11-14,2,3540.0,248.0,37.5,32.93
2020-11-15,0,0.0,0.0,,39.02
2020-11-16,8,16580.0,1050.0,75.0,41.46
2020-11-17,11,30740.0,1342.0,75.0,42.68
2020-11-18,9,18600.0,1244.0,50.0,25.61
2020-11-19,9,23980.0,1194.0,50.0,21.82
2020-11-20,11,18660.0,1421.0,50.0,23.17
2020-11-21,1,2000.0,90.0,50.0,29.27
2020-11-22,0,0.0,0.0,,32.53
2020-11-23,8,24460.0,1143.0,62.5,36.59
2020-11-24,11,24140.0,1250.0,75.0,36.59
2020-11-25,5,18260.0,676.0,50.0,29.27
2020-11-26,11,21480.0,1481.0,75.0,30.49
2020-11-27,8,14240.0,1119.0,50.0,34.15
2020-11-28,1,1500.0,105.0,75.0,36.59
2020-11-29,0,0.0,0.0,,40.24
2020-11-30,12,32340.0,1504.0,50.0,40.24
2020-12-01,10,24000.0,1114.0,50.0,24.39
2020-12-02,9,19760.0,1179.0,50.0,23.17
2020-12-03,7,14320.0,873.0,75.0,23.17
2020-12-04,11,28380.0,1490.0,75.0,24.39
2020-12-05,1,1860.0,157.0,25.0,30.3
2020-12-06,0,0.0,0.0,,34.15
2020-12-07,7,22800.0,969.0,50.0,36.75
2020-12-08,10,20800.0,1044.0,100.0,29.27
2020-12-09,8,15480.0,1054.0,75.0,24.39
2020-12-10,9,16740.0,1146.0,75.0,24.39
2020-12-11,10,27180.0,1397.0,50.0,25.61
2020-12-12,2,3080.0,304.0,50.0,29.27
2020-12-13,0,0.0,0.0,,36.59
2020-12-14,7,13820.0,823.0,75.0,41.46
2020-12-15,10,24300.0,1201.0,100.0,40.24
2020-12-16,6,12720.0,798.0,100.0,24.39
2020-12-17,9,25360.0,1212.0,50.0,29.27
2020-12-18,7,14920.0,861.0,50.0,29.27
2020-12-19,5,10660.0,816.0,50.0,32.93
2020-12-20,0,0.0,0.0,,35.37
2020-12-21,9,23060.0,1121.0,75.0,39.02
2020-12-22,8,17520.0,1010.0,100.0,36.59
2020-12-23,13,42320.0,1694.0,100.0,26.83
2020-12-24,4,16480.0,482.0,50.0,34.15
2020-12-25,0,0.0,0.0,,40.24
2020-12-26,15,36740.0,2032.0,100.0,46.34
2020-12-27,0,0.0,0.0,,49.4
2020-12-28,10,28200.0,1186.0,100.0,49.4
2020-12-29,7,17760.0,863.0,100.0,50.0
2020-12-30,10,27420.0,1423.0,100.0,40.85
2020-12-31,4,11300.0,513.0,75.0,30.49
2021-01-01,0,0.0,0.0,,32.93
2021-01-02,10,25640.0,1211.0,75.0,34.76
2021-01-03,0,0.0,0.0,,41.46
2021-01-04,12,36120.0,1607.0,100.0,42.68
2021-01-05,10,19640.0,1258.0,50.0,39.02
2021-01-06,11,23020.0,1352.0,100.0,25.46
2021-01-07,8,20680.0,832.0,75.0,25.61
2021-01-08,7,11860.0,761.0,50.0,30.49
2021-01-09,2,5440.0,270.0,87.5,39.02
2021-01-10,0,0.0,0.0,,45.12
2021-01-11,9,18380.0,1202.0,75.0,45.12
2021-01-12,9,16420.0,1054.0,75.0,32.93
2021-01-13,10,21640.0,1419.0,50.0,29.27
2021-01-14,8,15360.0,1044.0,62.5,29.27
2021-01-15,7,12220.0,782.0,25.0,29.27
2021-01-16,0,0.0,0.0,,34.15
2021-01-17,0,0.0,0.0,,40.24
2021-01-18,7,16400.0,805.0,62.5,42.68
2021-01-19,10,27400.0,1147.0,75.0,32.93
2021-01-20,11,28280.0,1293.0,100.0,28.92
2021-01-21,8,16460.0,1135.0,50.0,32.93
2021-01-22,9,25340.0,1267.0,50.0,35.37
2021-01-23,6,19340.0,962.0,50.0,28.05
2021-01-24,0,0.0,0.0,,34.15
2021-01-25,10,21300.0,1223.0,50.0,35.37
2021-01-26,11,20900.0,1215.0,75.0,24.39
2021-01-27,8,18860.0,1020.0,62.5,21.95
2021-01-28,9,24380.0,1158.0,50.0,24.39
2021-01-29,12,22580.0,1568.0,50.0,29.27
2021-01-30,0,0.0,0.0,,35.37
2021-01-31,0,0.0,0.0,,39.02
2021-02-01,8,19540.0,1008.0,75.0,41.46
2021-02-02,10,23820.0,1072.0,75.0,32.93
2021-02-03,12,28140.0,1420.0,75.0,26.83
2021-02-04,10,21760.0,1490.0,50.0,26.67
2021-02-05,10,26320.0,1202.0,75.0,27.71
2021-02-06,0,0.0,0.0,75.0,24.85
2021-02-07,0,0.0,0.0,,30.49
2021-02-08,9,27640.0,1135.0,75.0,35.98
2021-02-09,11,28860.0,1445.0,75.0,37.8
2021-02-10,10,36040.0,1287.0,75.0,35.37
2021-02-11,8,16120.0,1095.0,50.0,26.83
2021-02-12,13,30620.0,1630.0,75.0,29.27
2021-02-13,0,0.0,0.0,,32.93
2021-02-14,0,0.0,0.0,,39.02
2021-02-15,9,29220.0,995.0,75.0,40.24
2021-02-16,8,19080.0,1047.0,100.0,39.02
2021-02-17,11,33680.0,1267.0,87.5,36.59
2021-02-18,10,30820.0,1462.0,50.0,39.02
2021-02-19,10,35140.0,1308.0,75.0,36.59
2021-02-20,6,14620.0,949.0,75.0,35.37
2021-02-21,0,0.0,0.0,,32.53
2021-02-22,7,25780.0,826.0,75.0,37.8
2021-02-23,9,20180.0,1114.0,75.0,32.93
2021-02-24,10,29480.0,1180.0,75.0,30.49
2021-02-25,8,17160.0,1018.0,50.0,36.59
2021-02-26,12,32300.0,1781.0,50.0,32.93
2021-02-27,2,3620.0,302.0,75.0,32.93
2021-02-28,0,0.0,0.0,,40.24
2021-03-01,7,16720.0,922.0,75.0,42.68
2021-03-02,9,19820.0,1114.0,100.0,40.24
2021-03-03,11,33100.0,1381.0,100.0,37.8
2021-03-04,10,23100.0,1346.0,100.0,39.02
2021-03-05,10,28880.0,1408.0,75.0,34.15
2021-03-06,2,4540.0,320.0,100.0,38.41
2021-03-07,0,0.0,0.0,,42.68
2021-03-08,8,18800.0,971.0,100.0,45.12
2021-03-09,10,31320.0,1244.0,75.0,45.12
2021-03-10,10,29420.0,1278.0,75.0,42.07
2021-03-11,9,21100.0,1281.0,75.0,39.02
2021-03-12,10,17900.0,1219.0,50.0,36.59
2021-03-13,2,4140.0,324.0,75.0,39.02
2021-03-14,0,0.0,0.0,,40.85
2021-03-15,7,17600.0,825.0,100.0,42.68
2021-03-16,10,22960.0,1280.0,100.0,39.02
2021-03-17,10,38860.0,1185.0,50.0,39.02
2021-03-18,7,15100.0,1059.0,100.0,39.02
2021-03-19,11,20200.0,1597.0,87.5,40.24
2021-03-20,3,5480.0,398.0,25.0,41.46
2021-03-21,0,0.0,0.0,,46.34
2021-03-22,10,31600.0,1238.0,100.0,46.34
2021-03-23,10,38640.0,1376.0,75.0,42.68
2021-03-24,8,17480.0,987.0,100.0,45.12
2021-03-25,9,18580.0,1279.0,75.0,45.12
2021-03-26,13,26400.0,1679.0,100.0,40.0
2021-03-27,4,7540.0,685.0,75.0,41.46
2021-03-28,0,0.0,0.0,,43.29
2021-03-29,7,16540.0,856.0,100.0,45.12
2021-03-30,8,17440.0,1049.0,100.0,39.02
2021-03-31,8,18360.0,1028.0,62.5,40.24
2021-04-01,9,21260.0,1262.0,75.0,40.24
2021-04-02,13,28360.0,1808.0,75.0,36.59
2021-04-03,2,3820.0,257.0,50.0,40.85
2021-04-04,0,0.0,0.0,,45.12
2021-04-05,10,33980.0,1351.0,100.0,45.12
2021-04-06,10,28980.0,1382.0,75.0,41.46
2021-04-07,8,19440.0,871.0,100.0,40.24
2021-04-08,7,15600.0,907.0,75.0,39.02
2021-04-09,11,22380.0,1477.0,75.0,37.8
2021-04-10,5,10260.0,744.0,50.0,39.02
2021-04-11,0,0.0,0.0,,42.68
2021-04-12,10,39320.0,1188.0,100.0,41.46
2021-04-13,12,34680.0,1425.0,100.0,39.02
2021-04-14,11,40900.0,1333.0,75.0,37.8
2021-04-15,9,29840.0,1222.0,75.0,37.8
2021-04-16,10,18040.0,1075.0,75.0,39.02
2021-04-17,3,5720.0,500.0,75.0,42.68
2021-04-18,0,0.0,0.0,,45.12
2021-04-19,9,23080.0,1210.0,100.0,43.9
2021-04-20,11,23280.0,1237.0,100.0,41.46
2021-04-21,6,14360.0,681.0,75.0,39.02
2021-04-22,8,17080.0,1006.0,100.0,39.02
2021-04-23,13,34500.0,1767.0,75.0,36.59
2021-04-24,5,18380.0,783.0,50.0,39.02
2021-04-25,0,0.0,0.0,,40.24
2021-04-26,8,22460.0,1054.0,100.0,40.24
2021-04-27,9,18980.0,955.0,100.0,39.02
2021-04-28,8,18580.0,921.0,87.5,40.24
2021-04-29,8,16800.0,1132.0,75.0,42.68
2021-04-30,12,26960.0,1525.0,100.0,40.24
2021-05-01,7,14520.0,983.0,50.0,42.68
2021-05-02,0,0.0,0.0,,45.12
2021-05-03,10,25940.0,1394.0,100.0,45.12
2021-05-04,9,25840.0,1116.0,100.0,40.24
2021-05-05,10,41680.0,1179.0,50.0,40.24
2021-05-06,7,15320.0,1007.0,100.0,41.46
2021-05-07,13,28700.0,1614.0,75.0,40.24
2021-05-08,3,5500.0,550.0,87.5,41.46
2021-05-09,0,0.0,0.0,,43.9
2021-05-10,11,30260.0,1468.0,75.0,43.9
2021-05-11,11,30060.0,1269.0,75.0,42.43
2021-05-12,12,31660.0,1305.0,75.0,41.46
2021-05-13,7,14080.0,1070.0,100.0,40.24
2021-05-14,13,34080.0,1669.0,75.0,39.02
2021-05-15,1,1900.0,210.0,25.0,41.46
2021-05-16,0,0.0,0.0,,45.12
2021-05-17,10,34620.0,1271.0,87.5,42.68
2021-05-18,16,39400.0,1965.0,75.0,37.2
2021-05-19,9,15880.0,912.0,25.0,36.59
2021-05-20,7,16660.0,970.0,100.0,39.02
2021-05-21,12,24840.0,1546.0,75.0,36.59
2021-05-22,1,1940.0,99.0,75.0,39.02
2021-05-23,0,0.0,0.0,,40.85
2021-05-24,14,40940.0,1905.0,100.0,42.68
2021-05-25,15,28480.0,1784.0,50.0,40.24
2021-05-26,5,9920.0,577.0,75.0,39.02
2021-05-27,8,25500.0,1175.0,75.0,36.59
2021-05-28,12,31000.0,1505.0,75.0,36.59
2021-05-29,2,4160.0,309.0,75.0,39.02
2021-05-30,0,0.0,0.0,,42.68
2021-05-31,11,30840.0,1383.0,100.0,43.9
2021-06-01,14,36400.0,1684.0,100.0,40.24
2021-06-02,10,39220.0,1316.0,50.0,39.76
2021-06-03,7,16580.0,990.0,100.0,39.02
2021-06-04,14,30340.0,1725.0,100.0,37.8
2021-06-05,3,5020.0,342.0,75.0,39.02
2021-06-06,0,0.0,0.0,,40.24
2021-06-07,10,24100.0,1353.0,100.0,42.68
2021-06-08,11,29200.0,1209.0,75.0,43.9
2021-06-09,11,30120.0,1467.0,75.0,40.24
2021-06-10,4,9060.0,531.0,100.0,40.24
2021-06-11,15,49040.0,1975.0,75.0,40.24
2021-06-12,3,4540.0,402.0,50.0,42.07
2021-06-13,0,0.0,0.0,,43.03
2021-06-14,10,25880.0,1324.0,100.0,42.68
2021-06-15,9,16480.0,1083.0,75.0,40.24
2021-06-16,10,30180.0,1265.0,75.0,35.37
2021-06-17,9,21800.0,1362.0,87.5,36.59
2021-06-18,11,25200.0,1415.0,75.0,36.59
2021-06-19,5,11240.0,577.0,75.0,36.59
2021-06-20,0,0.0,0.0,,39.02
2021-06-21,11,26580.0,1528.0,100.0,41.46
2021-06-22,12,33480.0,1282.0,100.0,39.02
2021-06-23,9,20840.0,1103.0,100.0,37.8
2021-06-24,9,20480.0,1163.0,100.0,39.02
2021-06-25,12,33560.0,1517.0,50.0,39.02
2021-06-26,2,3800.0,264.0,50.0,40.24
2021-06-27,0,0.0,0.0,,42.68
2021-06-28,9,22300.0,1172.0,100.0,43.9
2021-06-29,9,17580.0,1068.0,100.0,42.68
2021-06-30,11,33360.0,1619.0,75.0,42.68
2021-07-01,8,26060.0,1181.0,75.0,42.68
2021-07-02,13,32740.0,1460.0,50.0,45.12
2021-07-03,8,15400.0,1395.0,75.0,39.63
2021-07-04,0,0.0,0.0,,42.07
2021-07-05,10,27420.0,1221.0,75.0,43.37
2021-07-06,10,20740.0,1198.0,100.0,45.12
2021-07-07,5,14000.0,511.0,75.0,42.68
2021-07-08,9,27360.0,1244.0,100.0,42.68
2021-07-09,14,45740.0,1682.0,50.0,36.59
2021-07-10,5,9460.0,884.0,75.0,42.68
2021-07-11,0,0.0,0.0,,46.34
2021-07-12,10,39180.0,1344.0,87.5,48.78
2021-07-13,11,22840.0,1394.0,100.0,53.66
2021-07-14,11,27660.0,1462.0,75.0,45.12
2021-07-15,9,23740.0,1187.0,75.0,40.24
2021-07-16,8,24320.0,1047.0,50.0,39.02
2021-07-17,9,13160.0,1220.0,87.5,40.24
2021-07-18,0,0.0,0.0,,40.24
2021-07-19,9,24900.0,1076.0,100.0,45.12
2021-07-20,15,40500.0,1947.0,75.0,43.29
2021-07-21,12,28740.0,1590.0,75.0,39.02
2021-07-22,10,29700.0,1345.0,75.0,39.02
2021-07-23,11,21740.0,1481.0,100.0,39.02
2021-07-24,6,9780.0,853.0,50.0,41.46
2021-07-25,0,0.0,0.0,,44.58
2021-07-26,12,30960.0,1600.0,100.0,46.34
2021-07-27,11,27580.0,1222.0,100.0,45.12
2021-07-28,10,22860.0,1383.0,75.0,43.9
2021-07-29,8,18680.0,1113.0,100.0,43.9
2021-07-30,10,22220.0,1359.0,50.0,42.68
2021-07-31,8,14940.0,1047.0,75.0,45.12
2021-08-01,0,0.0,0.0,,45.12
2021-08-02,11,38140.0,1370.0,100.0,46.34
2021-08-03,13,34200.0,1558.0,100.0,39.02
2021-08-04,12,35720.0,1557.0,75.0,37.8
2021-08-05,12,41920.0,1651.0,75.0,35.37
2021-08-06,9,24900.0,1130.0,75.0,35.37
2021-08-07,7,10780.0,911.0,75.0,37.8
2021-08-08,0,0.0,0.0,,36.59
2021-08-09,14,35880.0,1873.0,75.0,37.2
2021-08-10,9,17800.0,1033.0,75.0,36.59
2021-08-11,14,33740.0,1886.0,75.0,34.15
2021-08-12,9,26700.0,1351.0,50.0,34.15
2021-08-13,12,24960.0,1625.0,50.0,34.15
2021-08-14,8,14620.0,1149.0,50.0,35.37
2021-08-15,0,0.0,0.0,,35.37
2021-08-16,13,41240.0,1674.0,75.0,36.59
2021-08-17,13,23460.0,1605.0,75.0,36.59
2021-08-18,11,27520.0,1517.0,75.0,38.41
2021-08-19,7,15640.0,1000.0,100.0,39.02
2021-08-20,11,25640.0,1441.0,75.0,40.24
2021-08-21,6,11500.0,838.0,75.0,39.02
2021-08-22,0,0.0,0.0,,39.02
2021-08-23,13,39360.0,1787.0,75.0,40.24
2021-08-24,12,31920.0,1632.0,75.0,39.02
2021-08-25,13,35800.0,1687.0,75.0,36.59
2021-08-26,10,29720.0,1341.0,75.0,39.02
2021-08-27,10,28580.0,1279.0,75.0,41.46
2021-08-28,9,24860.0,1252.0,100.0,42.68
2021-08-29,0,0.0,0.0,,42.68
2021-08-30,11,31760.0,1509.0,75.0,45.12
2021-08-31,9,17860.0,1057.0,75.0,40.24
2021-09-01,14,42080.0,1967.0,75.0,40.24
2021-09-02,9,21580.0,1290.0,75.0,37.58
2021-09-03,10,28400.0,1294.0,50.0,40.24
2021-09-04,8,25060.0,1068.0,75.0,37.8
2021-09-05,0,0.0,0.0,,36.59
2021-09-06,12,28640.0,1568.0,75.0,39.02
2021-09-07,9,16960.0,1035.0,100.0,40.24
2021-09-08,10,22780.0,1343.0,100.0,39.02
2021-09-09,10,29640.0,1308.0,75.0,36.59
2021-09-10,9,16540.0,1035.0,50.0,36.59
2021-09-11,6,11140.0,914.0,100.0,39.02
2021-09-12,0,0.0,0.0,,41.46
2021-09-13,11,37840.0,1387.0,100.0,45.12
2021-09-14,8,17160.0,925.0,100.0,40.24
2021-09-15,11,35620.0,1375.0,50.0,39.02
2021-09-16,12,28220.0,1731.0,100.0,40.24
2021-09-17,9,20540.0,1169.0,100.0,39.02
2021-09-18,3,22580.0,433.0,62.5,42.68
2021-09-19,0,0.0,0.0,,45.12
2021-09-20,13,40500.0,1830.0,75.0,44.58
2021-09-21,12,24660.0,1485.0,100.0,42.68
2021-09-22,13,28500.0,1758.0,75.0,41.46
2021-09-23,8,17080.0,1058.0,100.0,40.96
2021-09-24,9,24900.0,1091.0,50.0,40.24
2021-09-25,2,3540.0,351.0,75.0,42.68
2021-09-26,0,0.0,0.0,,41.46
2021-09-27,11,28160.0,1416.0,75.0,45.12
2021-09-28,9,16940.0,1038.0,75.0,41.46
2021-09-29,11,30000.0,1440.0,62.5,41.46
2021-09-30,11,24400.0,1596.0,75.0,45.12
2021-10-01,10,34500.0,1233.0,75.0,37.8
2021-10-02,2,3980.0,278.0,100.0,41.46
2021-10-03,0,0.0,0.0,,42.68
2021-10-04,11,25000.0,1344.0,75.0,45.73
2021-10-05,12,32740.0,1629.0,100.0,43.9
2021-10-06,10,23700.0,1196.0,75.0,39.02
2021-10-07,8,16780.0,1050.0,87.5,38.41
2021-10-08,15,37400.0,2012.0,100.0,42.68
2021-10-09,4,8280.0,619.0,100.0,37.8
2021-10-10,0,0.0,0.0,,42.17
2021-10-11,9,23480.0,1054.0,75.0,40.85
2021-10-12,10,19640.0,1345.0,100.0,40.24
2021-10-13,10,28360.0,1192.0,50.0,40.24
2021-10-14,13,32560.0,1590.0,50.0,42.68
2021-10-15,10,27400.0,1141.0,75.0,46.34
2021-10-16,7,14340.0,987.0,100.0,42.68
2021-10-17,0,0.0,0.0,,40.85
2021-10-18,12,25280.0,1586.0,75.0,42.68
2021-10-19,9,17780.0,1173.0,75.0,36.59
2021-10-20,10,19300.0,1214.0,62.5,36.59
2021-10-21,10,21260.0,1201.0,50.0,40.24
2021-10-22,10,28840.0,1298.0,75.0,45.12
2021-10-23,3,5480.0,443.0,75.0,36.59
2021-10-24,0,0.0,0.0,,39.02
2021-10-25,11,34820.0,1432.0,75.0,41.46
2021-10-26,10,20260.0,1243.0,100.0,39.02
2021-10-27,13,37980.0,1542.0,75.0,40.24
2021-10-28,12,23000.0,1637.0,75.0,45.12
2021-10-29,11,29080.0,1373.0,75.0,42.68
2021-10-30,3,6240.0,477.0,75.0,36.59
2021-10-31,0,0.0,0.0,,36.59
2021-11-01,11,33420.0,1438.0,100.0,40.24
2021-11-02,8,16460.0,919.0,75.0,39.02
2021-11-03,11,32160.0,1440.0,100.0,40.24
2021-11-04,9,16840.0,1155.0,75.0,39.02
2021-11-05,9,18200.0,1131.0,100.0,40.24
2021-11-06,6,10480.0,1041.0,100.0,39.02
2021-11-07,0,0.0,0.0,,39.02
2021-11-08,10,24680.0,1269.0,75.0,40.24
2021-11-09,9,19100.0,1061.0,100.0,39.02
2021-11-10,9,26100.0,1160.0,50.0,37.8
2021-11-11,9,17740.0,1212.0,75.0,39.02
2021-11-12,8,16280.0,934.0,75.0,40.24
2021-11-13,5,8780.0,776.0,75.0,42.68
2021-11-14,0,0.0,0.0,,40.24
2021-11-15,10,23120.0,1348.0,100.0,40.24
2021-11-16,11,22560.0,1474.0,75.0,41.46
2021-11-17,10,26640.0,1346.0,75.0,39.02
2021-11-18,10,17960.0,1247.0,75.0,45.12
2021-11-19,11,30940.0,1494.0,75.0,46.06
2021-11-20,3,7060.0,573.0,100.0,39.02
2021-11-21,0,0.0,0.0,,35.37
2021-11-22,12,35520.0,1487.0,100.0,36.59
2021-11-23,9,17760.0,1142.0,75.0,37.8
2021-11-24,8,14020.0,1017.0,75.0,37.8
2021-11-25,8,14440.0,1249.0,75.0,40.24
2021-11-26,10,27780.0,1218.0,100.0,42.68
2021-11-27,3,14240.0,484.0,75.0,37.8
2021-11-28,0,0.0,0.0,,40.24
2021-11-29,8,16920.0,1000.0,75.0,42.68
2021-11-30,10,18620.0,1287.0,75.0,39.02
2021-12-01,10,26660.0,1152.0,75.0,40.24
2021-12-02,9,25080.0,1030.0,75.0,42.68
2021-12-03,11,17960.0,1641.0,75.0,41.46
2021-12-04,3,6240.0,500.0,87.5,36.59
2021-12-05,0,0.0,0.0,,39.02
2021-12-06,9,23140.0,1126.0,75.0,40.24
2021-12-07,9,19400.0,1048.0,75.0,40.24
2021-12-08,9,17300.0,1111.0,75.0,40.24
2021-12-09,11,18340.0,1438.0,75.0,42.68
2021-12-10,11,36280.0,1443.0,75.0,41.46
2021-12-11,4,7560.0,689.0,100.0,36.59
2021-12-12,0,0.0,0.0,,39.02
2021-12-13,10,21880.0,1222.0,75.0,40.24
2021-12-14,10,19440.0,1279.0,75.0,40.24
2021-12-15,10,21960.0,1176.0,75.0,39.02
2021-12-16,10,27100.0,1229.0,75.0,42.68
2021-12-17,9,16920.0,1132.0,100.0,40.24
2021-12-18,3,6560.0,473.0,100.0,39.02
2021-12-19,0,0.0,0.0,,39.02
2021-12-20,13,31260.0,1749.0,100.0,42.68
2021-12-21,8,15940.0,965.0,100.0,37.8
2021-12-22,9,23220.0,1256.0,50.0,37.8
2021-12-23,9,17540.0,1161.0,75.0,41.46
2021-12-24,8,29220.0,1085.0,75.0,36.59
2021-12-25,0,0.0,0.0,,39.02
2021-12-26,0,0.0,0.0,,40.96
2021-12-27,10,33160.0,1472.0,100.0,46.34
2021-12-28,8,19620.0,1015.0,100.0,42.68
2021-12-29,11,30780.0,1428.0,100.0,40.24
2021-12-30,13,32620.0,1622.0,100.0,42.68
2021-12-31,6,20100.0,820.0,50.0,46.34
2022-01-01,0,0.0,0.0,,60.98
2022-01-02,0,0.0,0.0,,60.98
2022-01-03,13,36820.0,1644.0,100.0,67.07
2022-01-04,11,23700.0,1305.0,100.0,57.32
2022-01-05,8,18120.0,1207.0,100.0,45.12
2022-01-06,13,28880.0,1739.0,100.0,43.9
2022-01-07,6,14460.0,625.0,100.0,40.24
2022-01-08,6,19920.0,782.0,75.0,45.12
2022-01-09,0,0.0,0.0,,46.34
2022-01-10,9,22420.0,1258.0,100.0,46.34
2022-01-11,10,30240.0,1233.0,100.0,43.98
2022-01-12,10,27980.0,1123.0,100.0,39.63
2022-01-13,10,28640.0,1238.0,75.0,42.68
2022-01-14,10,20660.0,1269.0,75.0,45.12
2022-01-15,3,5640.0,503.0,100.0,41.46
2022-01-16,0,0.0,0.0,,42.68
2022-01-17,10,22760.0,1259.0,75.0,45.12
2022-01-18,7,12600.0,807.0,75.0,39.02
2022-01-19,9,14740.0,1280.0,50.0,39.02
2022-01-20,12,23020.0,1618.0,100.0,42.68
2022-01-21,11,37680.0,1395.0,75.0,44.58
2022-01-22,2,4160.0,400.0,75.0,39.76
2022-01-23,0,0.0,0.0,,39.02
2022-01-24,10,30040.0,1255.0,75.0,42.68
2022-01-25,8,15460.0,840.0,75.0,40.24
2022-01-26,10,20340.0,1073.0,50.0,40.24
2022-01-27,12,29520.0,1521.0,75.0,40.85
2022-01-28,9,16480.0,1294.0,100.0,42.68
2022-01-29,1,2100.0,221.0,75.0,35.37
2022-01-30,0,0.0,0.0,,37.8
2022-01-31,11,31200.0,1429.0,75.0,40.24
2022-02-01,11,31200.0,1303.0,75.0,37.8
2022-02-02,7,11500.0,885.0,75.0,39.02
2022-02-03,9,18300.0,1055.0,87.5,40.24
2022-02-04,9,21760.0,1187.0,50.0,42.68
2022-02-05,3,5260.0,386.0,75.0,40.24
2022-02-06,0,0.0,0.0,,41.46
2022-02-07,11,24220.0,1399.0,75.0,45.12
2022-02-08,9,23480.0,1217.0,75.0,41.46
2022-02-09,10,21240.0,1200.0,75.0,40.24
2022-02-10,10,19120.0,1256.0,100.0,42.68
2022-02-11,8,21660.0,1158.0,75.0,45.12
2022-02-12,5,10420.0,752.0,75.0,40.24
2022-02-13,0,0.0,0.0,,41.46
2022-02-14,9,20740.0,1149.0,100.0,41.46
2022-02-15,7,13000.0,686.0,75.0,39.02
2022-02-16,5,8560.0,611.0,25.0,39.02
2022-02-17,12,22800.0,1438.0,25.0,40.24
2022-02-18,11,23620.0,1470.0,25.0,40.24
2022-02-19,4,6440.0,798.0,50.0,39.02
2022-02-20,0,0.0,0.0,,39.39
2022-02-21,11,38920.0,1461.0,25.0,42.07
2022-02-22,9,22800.0,1057.0,50.0,37.8
2022-02-23,7,22640.0,805.0,62.5,36.59
2022-02-24,13,30520.0,1744.0,87.5,40.24
2022-02-25,7,14560.0,965.0,100.0,42.68
2022-02-26,6,10280.0,984.0,100.0,36.59
2022-02-27,0,0.0,0.0,,39.02
2022-02-28,10,30280.0,1291.0,75.0,40.24
2022-03-01,11,31080.0,1396.0,75.0,40.24
2022-03-02,6,20080.0,855.0,50.0,37.8
2022-03-03,11,22680.0,1472.0,100.0,41.46
2022-03-04,11,22880.0,1324.0,100.0,42.68
2022-03-05,1,2260.0,225.0,100.0,39.02
2022-03-06,0,0.0,0.0,,41.46
2022-03-07,13,37140.0,1741.0,75.0,43.9
2022-03-08,10,28160.0,1255.0,75.0,41.46
2022-03-09,6,11980.0,740.0,75.0,41.46
2022-03-10,13,31300.0,1775.0,75.0,41.46
2022-03-11,9,26060.0,1305.0,75.0,43.9
2022-03-12,3,6040.0,462.0,75.0,36.59
2022-03-13,0,0.0,0.0,,40.24
2022-03-14,10,25100.0,1244.0,75.0,42.68
2022-03-15,9,23440.0,1215.0,75.0,40.24
2022-03-16,7,12960.0,933.0,75.0,36.59
2022-03-17,11,28040.0,1422.0,75.0,40.24
2022-03-18,13,33440.0,1716.0,75.0,42.68
2022-03-19,2,3580.0,363.0,75.0,39.02
2022-03-20,0,0.0,0.0,,39.02
2022-03-21,8,26060.0,1145.0,50.0,39.02
2022-03-22,10,19720.0,1242.0,50.0,37.8
2022-03-23,8,17060.0,1001.0,50.0,36.75
2022-03-24,15,29420.0,1903.0,75.0,40.24
2022-03-25,9,17180.0,1138.0,50.0,41.46
2022-03-26,1,2160.0,233.0,100.0,39.02
2022-03-27,0,0.0,0.0,,42.68
2022-03-28,10,26300.0,1309.0,100.0,42.17
2022-03-29,9,17280.0,1098.0,100.0,40.24
2022-03-30,9,37260.0,1328.0,50.0,40.24
2022-03-31,11,23140.0,1390.0,75.0,42.68
2022-04-01,10,21460.0,1476.0,100.0,43.9
2022-04-02,2,5060.0,364.0,75.0,40.24
2022-04-03,0,0.0,0.0,,43.9
2022-04-04,8,18560.0,1024.0,100.0,42.68
2022-04-05,13,31220.0,1588.0,100.0,40.24
2022-04-06,8,18140.0,942.0,75.0,40.24
2022-04-07,10,18500.0,1311.0,75.0,41.46
2022-04-08,9,17580.0,1137.0,100.0,42.68
2022-04-09,5,10080.0,801.0,75.0,40.24
2022-04-10,0,0.0,0.0,,40.24
2022-04-11,14,35700.0,1788.0,75.0,40.24
2022-04-12,10,18960.0,1195.0,75.0,37.8
2022-04-13,5,19860.0,592.0,50.0,36.59
2022-04-14,14,33320.0,1802.0,100.0,40.24
2022-04-15,12,36740.0,1639.0,100.0,43.9
2022-04-16,3,6680.0,461.0,100.0,40.24
2022-04-17,0,0.0,0.0,,41.46
2022-04-18,7,23340.0,1051.0,75.0,45.12
2022-04-19,10,18820.0,1215.0,75.0,40.24
2022-04-20,9,19020.0,1054.0,50.0,36.59
2022-04-21,10,20020.0,1156.0,87.5,41.46
2022-04-22,8,18840.0,984.0,75.0,42.68
2022-04-23,2,3420.0,354.0,75.0,37.8
2022-04-24,0,0.0,0.0,,39.02
2022-04-25,8,26080.0,930.0,100.0,42.68
2022-04-26,11,22900.0,1320.0,100.0,40.24
2022-04-27,9,18200.0,1246.0,75.0,36.59
2022-04-28,13,35520.0,1589.0,50.0,40.24
2022-04-29,7,14600.0,878.0,100.0,42.68
2022-04-30,1,2520.0,225.0,75.0,35.37
2022-05-01,0,0.0,0.0,,36.59
2022-05-02,9,23660.0,1113.0,100.0,36.59
2022-05-03,8,14780.0,969.0,75.0,36.59
2022-05-04,17,35320.0,2458.0,75.0,39.02
2022-05-05,10,23240.0,1603.0,50.0,42.68
2022-05-06,6,11140.0,749.0,100.0,43.9
2022-05-07,4,7960.0,524.0,75.0,40.24
2022-05-08,0,0.0,0.0,,40.24
2022-05-09,7,18320.0,908.0,75.0,41.46
2022-05-10,11,19460.0,1244.0,75.0,39.02
2022-05-11,9,14320.0,1228.0,50.0,39.02
2022-05-12,10,20520.0,1243.0,87.5,42.68
2022-05-13,10,28940.0,1351.0,75.0,45.12
2022-05-14,1,2200.0,216.0,100.0,39.02
2022-05-15,0,0.0,0.0,,42.68
2022-05-16,7,18740.0,906.0,75.0,42.68
2022-05-17,11,22100.0,1307.0,75.0,42.68
2022-05-18,7,14560.0,710.0,50.0,40.24
2022-05-19,10,19080.0,1348.0,100.0,45.12
2022-05-20,8,14460.0,1143.0,75.0,46.34
2022-05-21,2,4560.0,352.0,87.5,42.68
2022-05-22,0,0.0,0.0,,43.9
2022-05-23,9,32380.0,1051.0,75.0,46.34
2022-05-24,10,27100.0,1194.0,100.0,39.02
2022-05-25,11,36920.0,1472.0,50.0,39.02
2022-05-26,10,19340.0,1221.0,75.0,42.68
2022-05-27,12,20180.0,1643.0,75.0,45.12
2022-05-28,2,3680.0,297.0,75.0,38.79
2022-05-29,0,0.0,0.0,,40.24
2022-05-30,9,37640.0,1169.0,75.0,42.07
2022-05-31,12,24400.0,1451.0,100.0,37.8
2022-06-01,9,24660.0,1112.0,75.0,36.59
2022-06-02,9,17140.0,1253.0,100.0,39.02
2022-06-03,9,26460.0,1237.0,100.0,42.68
2022-06-04,2,4440.0,431.0,75.0,39.02
2022-06-05,0,0.0,0.0,,37.8
2022-06-06,9,29240.0,1099.0,75.0,41.46
2022-06-07,11,18120.0,1276.0,100.0,39.02
2022-06-08,8,23940.0,1120.0,50.0,36.59
2022-06-09,9,17220.0,1204.0,100.0,42.68
2022-06-10,11,30860.0,1309.0,100.0,42.68
2022-06-11,3,5380.0,558.0,100.0,41.82
2022-06-12,0,0.0,0.0,,45.12
2022-06-13,7,16220.0,964.0,100.0,43.64
2022-06-14,11,23160.0,1393.0,100.0,40.24
2022-06-15,8,25920.0,1012.0,100.0,40.24
2022-06-16,8,18280.0,1016.0,87.5,40.24
2022-06-17,10,18480.0,1319.0,100.0,41.46
2022-06-18,3,6560.0,517.0,100.0,40.24
2022-06-19,0,0.0,0.0,,40.24
2022-06-20,9,22640.0,1276.0,100.0,42.68
2022-06-21,10,18440.0,1265.0,100.0,40.24
2022-06-22,6,15040.0,621.0,100.0,41.46
2022-06-23,11,29180.0,1541.0,75.0,46.34
2022-06-24,10,33840.0,1234.0,100.0,46.34
2022-06-25,5,11700.0,880.0,100.0,37.8
2022-06-26,0,0.0,0.0,,36.59
2022-06-27,9,19240.0,1102.0,75.0,40.24
2022-06-28,10,20440.0,1237.0,75.0,37.8
2022-06-29,7,21620.0,920.0,50.0,37.8
2022-06-30,11,28280.0,1406.0,75.0,41.46
2022-07-01,8,13060.0,1106.0,100.0,45.78
2022-07-02,2,3840.0,403.0,75.0,36.59
2022-07-03,0,0.0,0.0,,37.8
2022-07-04,11,37700.0,1475.0,100.0,40.24
2022-07-05,10,18340.0,1214.0,75.0,40.24
2022-07-06,10,21200.0,1284.0,62.5,39.02
2022-07-07,9,17800.0,1224.0,50.0,42.68
2022-07-08,9,23380.0,1263.0,100.0,42.68
2022-07-09,2,4400.0,361.0,100.0,35.37
2022-07-10,0,0.0,0.0,,37.8
2022-07-11,10,23240.0,1283.0,75.0,41.46
2022-07-12,12,31200.0,1575.0,100.0,45.12
2022-07-13,9,22800.0,967.0,100.0,42.68
2022-07-14,10,25320.0,1232.0,100.0,39.02
2022-07-15,9,27580.0,1242.0,100.0,40.24
2022-07-16,4,6660.0,725.0,75.0,39.02
2022-07-17,0,0.0,0.0,,42.68
2022-07-18,11,26520.0,1459.0,100.0,46.34
2022-07-19,10,27620.0,1111.0,100.0,46.34
2022-07-20,7,15120.0,971.0,100.0,42.68
2022-07-21,9,19720.0,1228.0,100.0,40.24
2022-07-22,8,17620.0,1066.0,100.0,41.46
2022-07-23,5,12040.0,774.0,100.0,43.03
2022-07-24,0,0.0,0.0,,42.68
2022-07-25,12,27740.0,1482.0,100.0,42.68
2022-07-26,10,19300.0,1220.0,100.0,42.68
2022-07-27,8,27440.0,1008.0,50.0,41.46
2022-07-28,10,26980.0,1376.0,100.0,43.9
2022-07-29,10,36400.0,1276.0,75.0,43.9
2022-07-30,2,5060.0,383.0,100.0,45.12
2022-07-31,0,0.0,0.0,,45.12
2022-08-01,12,29660.0,1498.0,100.0,43.9
2022-08-02,9,18580.0,1029.0,100.0,38.41
2022-08-03,9,20460.0,1127.0,100.0,41.46
2022-08-04,12,24760.0,1663.0,75.0,45.12
2022-08-05,9,22060.0,1138.0,100.0,46.34
2022-08-06,4,6140.0,652.0,100.0,46.34
2022-08-07,0,0.0,0.0,100.0,45.12
2022-08-08,10,23780.0,1434.0,75.0,45.12
2022-08-09,10,20040.0,1277.0,100.0,40.24
2022-08-10,8,32720.0,1113.0,75.0,39.02
2022-08-11,13,44260.0,1824.0,75.0,45.12
2022-08-12,9,19220.0,1241.0,100.0,46.34
2022-08-13,4,9100.0,632.0,100.0,43.9
2022-08-14,0,0.0,0.0,,43.9
2022-08-15,9,23440.0,1154.0,100.0,43.9
2022-08-16,8,17080.0,951.0,100.0,39.76
2022-08-17,9,28420.0,1272.0,75.0,37.8
2022-08-18,12,31040.0,1514.0,75.0,40.24
2022-08-19,11,31500.0,1418.0,100.0,43.9
2022-08-20,5,10900.0,923.0,75.0,39.02
2022-08-21,0,0.0,0.0,,40.24
2022-08-22,9,22740.0,1213.0,100.0,45.12
2022-08-23,10,19640.0,1357.0,100.0,42.68
2022-08-24,9,20240.0,1154.0,50.0,40.24
2022-08-25,9,24740.0,1198.0,75.0,45.12
2022-08-26,10,21020.0,1417.0,100.0,45.12
2022-08-27,2,5360.0,364.0,75.0,40.24
2022-08-28,0,0.0,0.0,,40.85
2022-08-29,9,23280.0,1040.0,75.0,41.46
2022-08-30,10,19760.0,1194.0,100.0,41.46
2022-08-31,6,13640.0,820.0,75.0,43.9
2022-09-01,9,18500.0,1195.0,50.0,46.34
2022-09-02,10,18820.0,1401.0,87.5,46.34
2022-09-03,3,13660.0,480.0,100.0,41.46
2022-09-04,0,0.0,0.0,,43.9
2022-09-05,8,21580.0,1110.0,100.0,46.34
2022-09-06,9,25380.0,1099.0,100.0,45.12
2022-09-07,10,22720.0,1277.0,75.0,43.9
2022-09-08,9,17040.0,1179.0,50.0,46.34
2022-09-09,10,25020.0,1339.0,100.0,53.01
2022-09-10,3,6360.0,534.0,75.0,36.59
2022-09-11,0,0.0,0.0,,41.46
2022-09-12,8,29140.0,911.0,75.0,43.9
2022-09-13,11,22520.0,1252.0,100.0,41.46
2022-09-14,4,9760.0,522.0,50.0,40.24
2022-09-15,12,30620.0,1549.0,75.0,42.68
2022-09-16,8,22000.0,1067.0,100.0,45.12
2022-09-17,7,19660.0,922.0,100.0,42.86
2022-09-18,0,0.0,0.0,,41.46
2022-09-19,7,17080.0,896.0,75.0,42.68
2022-09-20,11,25560.0,1341.0,75.0,39.02
2022-09-21,8,31140.0,1020.0,50.0,39.02
2022-09-22,9,25640.0,994.0,62.5,40.24
2022-09-23,4,8540.0,556.0,100.0,43.37
2022-09-24,6,14080.0,742.0,100.0,39.02
2022-09-25,0,0.0,0.0,,41.21
2022-09-26,11,43260.0,1611.0,75.0,43.9
2022-09-27,11,23540.0,1262.0,75.0,42.68
2022-09-28,5,9080.0,853.0,75.0,42.68
2022-09-29,8,15960.0,1135.0,75.0,45.12
2022-09-30,10,24000.0,1294.0,100.0,42.68
2022-10-01,0,0.0,0.0,100.0,40.24
2022-10-02,0,0.0,0.0,,40.24
2022-10-03,5,14880.0,623.0,100.0,42.68
2022-10-04,9,28180.0,1143.0,75.0,43.9
2022-10-05,7,26900.0,909.0,75.0,42.07
2022-10-06,8,16980.0,1073.0,100.0,46.34
2022-10-07,7,14940.0,1006.0,100.0,42.68
2022-10-08,3,7860.0,386.0,75.0,40.24
2022-10-09,0,0.0,0.0,,43.9
2022-10-10,11,33420.0,1460.0,100.0,46.34
2022-10-11,8,22880.0,882.0,75.0,42.68
2022-10-12,6,12160.0,745.0,62.5,41.46
2022-10-13,8,20640.0,1104.0,75.0,42.68
2022-10-14,6,15960.0,718.0,100.0,42.68
2022-10-15,0,0.0,0.0,,39.02
2022-10-16,0,0.0,0.0,,42.68
2022-10-17,12,45020.0,1674.0,75.0,45.12
2022-10-18,10,29620.0,1194.0,100.0,43.9
2022-10-19,8,19520.0,1145.0,75.0,39.02
2022-10-20,9,16660.0,1101.0,100.0,42.68
2022-10-21,7,15560.0,1080.0,100.0,41.46
2022-10-22,0,0.0,0.0,,37.8
2022-10-23,0,0.0,0.0,,40.85
2022-10-24,8,23640.0,965.0,75.0,40.24
2022-10-25,8,22580.0,876.0,75.0,39.02
2022-10-26,9,16700.0,1243.0,50.0,37.8
2022-10-27,9,16300.0,1120.0,75.0,40.24
2022-10-28,12,27100.0,1670.0,75.0,40.24
2022-10-29,0,0.0,0.0,,37.8
2022-10-30,0,0.0,0.0,,40.24
2022-10-31,9,22800.0,1270.0,75.0,45.12
2022-11-01,8,18500.0,859.0,100.0,40.24
2022-11-02,9,24840.0,1019.0,50.0,40.24
2022-11-03,9,17840.0,1166.0,100.0,42.68
2022-11-04,9,15700.0,1200.0,100.0,43.9
2022-11-05,0,0.0,0.0,,37.8
2022-11-06,0,0.0,0.0,,40.24
2022-11-07,8,23760.0,1177.0,75.0,40.24
2022-11-08,8,16360.0,911.0,75.0,39.02
2022-11-09,7,21240.0,973.0,75.0,35.37
2022-11-10,9,31680.0,1078.0,75.0,37.8
2022-11-11,10,21920.0,1441.0,75.0,39.02
2022-11-12,0,0.0,0.0,,40.24
2022-11-13,0,0.0,0.0,,40.85
2022-11-14,5,20080.0,597.0,75.0,43.9
2022-11-15,11,36360.0,1356.0,75.0,40.24
2022-11-16,5,13520.0,545.0,75.0,36.59
2022-11-17,10,22000.0,1395.0,75.0,39.02
2022-11-18,9,32940.0,1240.0,75.0,36.59
2022-11-19,0,0.0,0.0,,36.59
2022-11-20,0,0.0,0.0,,39.02
2022-11-21,6,17660.0,702.0,100.0,39.63
2022-11-22,9,17000.0,1135.0,100.0,36.59
2022-11-23,8,25180.0,1036.0,50.0,37.8
2022-11-24,8,21300.0,951.0,75.0,40.24
2022-11-25,9,26040.0,1374.0,100.0,40.24
2022-11-26,0,0.0,0.0,87.5,36.59
2022-11-27,0,0.0,0.0,,40.24
2022-11-28,6,22240.0,953.0,75.0,42.68
2022-11-29,6,14000.0,779.0,100.0,42.07
2022-11-30,9,25800.0,1128.0,75.0,36.59
2022-12-01,8,15020.0,961.0,50.0,41.46
2022-12-02,5,13160.0,845.0,75.0,42.68
2022-12-03,0,0.0,0.0,,39.02
2022-12-04,0,0.0,0.0,,41.46
2022-12-05,7,20720.0,902.0,75.0,42.68
2022-12-06,10,34120.0,1338.0,75.0,40.24
2022-12-07,7,13020.0,1024.0,75.0,37.8
2022-12-08,5,10780.0,586.0,62.5,39.02
2022-12-09,9,22560.0,1060.0,75.0,40.24
2022-12-10,0,0.0,0.0,50.0,40.24
2022-12-11,0,0.0,0.0,,42.68
2022-12-12,7,26340.0,1069.0,75.0,42.07
2022-12-13,4,7900.0,425.0,100.0,40.24
2022-12-14,9,21040.0,1313.0,50.0,40.24
2022-12-15,10,18040.0,1382.0,75.0,42.68
2022-12-16,4,11380.0,688.0,100.0,45.12
2022-12-17,0,0.0,0.0,100.0,36.59
2022-12-18,0,0.0,0.0,,41.82
2022-12-19,9,38840.0,1242.0,100.0,45.12
2022-12-20,8,26940.0,1058.0,100.0,40.24
2022-12-21,6,20280.0,854.0,50.0,39.02
2022-12-22,8,15600.0,1015.0,75.0,41.46
2022-12-23,11,37840.0,1483.0,100.0,42.68
2022-12-24,0,0.0,0.0,,41.46
2022-12-25,0,0.0,0.0,,45.12
2022-12-26,5,13060.0,624.0,100.0,46.34
2022-12-27,9,22980.0,1207.0,100.0,46.34
2022-12-28,11,30880.0,1429.0,100.0,42.68
2022-12-29,11,31820.0,1315.0,75.0,46.34
2022-12-30,6,18000.0,962.0,100.0,46.34
2022-12-31,0,0.0,0.0,100.0,39.02
2023-01-01,0,0.0,0.0,,41.46
2023-01-02,9,32120.0,1107.0,75.0,42.68
2023-01-03,8,16920.0,1027.0,100.0,40.24
2023-01-04,10,36480.0,1280.0,50.0,40.97
2023-01-05,9,19180.0,1241.0,50.0,44.51
2023-01-06,8,25580.0,1040.0,75.0,42.68
2023-01-07,1,1760.0,51.0,75.0,37.8
2023-01-08,0,0.0,0.0,,37.8
2023-01-09,4,12600.0,519.0,100.0,41.46
2023-01-10,10,20480.0,1195.0,100.0,40.24
2023-01-11,7,15480.0,855.0,100.0,37.8
2023-01-12,7,20960.0,855.0,75.0,39.02
2023-01-13,5,12220.0,750.0,100.0,40.24
2023-01-14,0,0.0,0.0,,37.8
2023-01-15,0,0.0,0.0,,40.24
2023-01-16,11,29100.0,1438.0,100.0,42.68
2023-01-17,5,9600.0,603.0,100.0,39.63
2023-01-18,11,44700.0,1400.0,50.0,36.59
2023-01-19,9,22720.0,1184.0,62.5,39.02
2023-01-20,6,13380.0,905.0,75.0,37.8
2023-01-21,0,0.0,0.0,,39.02
2023-01-22,0,0.0,0.0,,41.46
2023-01-23,7,16720.0,990.0,75.0,43.9
2023-01-24,8,16220.0,980.0,100.0,42.68
2023-01-25,6,20500.0,691.0,75.0,42.68
2023-01-26,10,20640.0,1484.0,75.0,42.68
2023-01-27,6,18640.0,1109.0,100.0,45.12
2023-01-28,0,0.0,0.0,,40.85
2023-01-29,0,0.0,0.0,,45.12
2023-01-30,11,41920.0,1523.0,75.0,46.34
2023-01-31,7,20440.0,807.0,100.0,42.68
2023-02-01,5,10600.0,540.0,87.5,45.12
2023-02-02,6,10860.0,737.0,62.5,45.12
2023-02-03,10,21900.0,1287.0,75.0,45.12
2023-02-04,0,0.0,0.0,,41.46
2023-02-05,0,0.0,0.0,,42.68
2023-02-06,6,14200.0,847.0,100.0,43.9
2023-02-07,7,12940.0,849.0,100.0,42.68
2023-02-08,6,13220.0,644.0,75.0,42.68
2023-02-09,8,13880.0,1062.0,75.0,45.12
2023-02-10,5,12740.0,743.0,100.0,46.34
2023-02-11,0,0.0,0.0,,40.24
2023-02-12,0,0.0,0.0,,45.12
2023-02-13,9,23600.0,1101.0,75.0,45.12
2023-02-14,7,11780.0,832.0,75.0,42.68
2023-02-15,5,16180.0,696.0,50.0,45.12
2023-02-16,5,8740.0,710.0,75.0,45.12
2023-02-17,10,20680.0,1301.0,100.0,46.34
2023-02-18,0,0.0,0.0,,39.02
2023-02-19,0,0.0,0.0,,40.24
2023-02-20,7,22880.0,969.0,100.0,43.9
2023-02-21,4,14360.0,408.0,100.0,39.02
2023-02-22,6,14020.0,603.0,75.0,42.68
2023-02-23,9,16760.0,1234.0,75.0,45.12
2023-02-24,8,18080.0,1159.0,100.0,45.12
2023-02-25,0,0.0,0.0,,40.24
2023-02-26,0,0.0,0.0,,43.03
2023-02-27,8,35700.0,1033.0,75.0,43.9
2023-02-28,8,16240.0,1054.0,75.0,39.02
2023-03-01,5,9700.0,593.0,50.0,42.68
2023-03-02,10,31840.0,1392.0,62.5,45.12
2023-03-03,10,28020.0,1253.0,75.0,44.58
2023-03-04,0,0.0,0.0,,40.24
2023-03-05,0,0.0,0.0,,43.9
2023-03-06,5,13240.0,686.0,75.0,44.58
2023-03-07,7,19760.0,825.0,87.5,42.68
2023-03-08,5,9980.0,542.0,75.0,40.85
2023-03-09,8,18840.0,1161.0,50.0,42.68
2023-03-10,5,10740.0,696.0,100.0,45.12
2023-03-11,0,0.0,0.0,,42.68
2023-03-12,0,0.0,0.0,,45.12
2023-03-13,6,16900.0,697.0,100.0,45.12
2023-03-14,6,12640.0,761.0,100.0,40.24
2023-03-15,3,5220.0,340.0,37.5,41.46
2023-03-16,9,17400.0,1199.0,100.0,42.68
2023-03-17,6,23360.0,805.0,100.0,41.67
2023-03-18,0,0.0,0.0,,36.59
2023-03-19,0,0.0,0.0,,40.24
2023-03-20,6,15640.0,850.0,100.0,41.46
2023-03-21,6,20140.0,668.0,100.0,37.8
2023-03-22,6,16520.0,581.0,75.0,39.02
2023-03-23,6,12620.0,835.0,87.5,42.17
2023-03-24,6,12160.0,860.0,100.0,40.24
2023-03-25,0,0.0,0.0,,39.02
2023-03-26,0,0.0,0.0,,43.29
2023-03-27,5,14120.0,545.0,100.0,45.12
2023-03-28,9,27180.0,1222.0,75.0,45.12
2023-03-29,6,24260.0,768.0,50.0,44.85
2023-03-30,8,15280.0,1067.0,50.0,45.12
2023-03-31,7,16240.0,914.0,75.0,45.12
2023-04-01,0,0.0,0.0,,41.46
2023-04-02,0,0.0,0.0,,45.12
2023-04-03,6,15620.0,828.0,100.0,45.12
2023-04-04,7,13500.0,855.0,100.0,43.9
2023-04-05,7,14160.0,785.0,75.0,41.46
2023-04-06,8,21940.0,1065.0,50.0,46.34
2023-04-07,7,28700.0,1113.0,100.0,45.12
2023-04-08,0,0.0,0.0,,41.46
2023-04-09,0,0.0,0.0,,45.12
2023-04-10,7,18460.0,775.0,75.0,45.12
2023-04-11,6,10820.0,778.0,100.0,45.12
2023-04-12,6,12000.0,717.0,62.5,43.9
2023-04-13,7,13900.0,990.0,75.0,45.12
2023-04-14,8,20120.0,1007.0,100.0,45.12
2023-04-15,0,0.0,0.0,,36.59
2023-04-16,0,0.0,0.0,,39.02
2023-04-17,7,28700.0,876.0,100.0,42.68
2023-04-18,8,12760.0,849.0,100.0,42.68
2023-04-19,5,10240.0,553.0,100.0,41.46
2023-04-20,6,17660.0,849.0,50.0,41.46
2023-04-21,10,20080.0,1398.0,75.0,42.68
2023-04-22,0,0.0,0.0,,40.24
2023-04-23,0,0.0,0.0,,43.9
2023-04-24,7,25980.0,906.0,100.0,45.12
2023-04-25,6,10840.0,710.0,100.0,40.24
2023-04-26,7,23120.0,991.0,50.0,37.8
2023-04-27,6,12360.0,859.0,75.0,42.68
2023-04-28,10,28240.0,1137.0,100.0,41.46
2023-04-29,0,0.0,0.0,,40.24
2023-04-30,0,0.0,0.0,,43.9
2023-05-01,4,11600.0,544.0,75.0,43.9
2023-05-02,7,14580.0,824.0,100.0,41.46
2023-05-03,7,14720.0,808.0,75.0,42.68
2023-05-04,5,10140.0,610.0,75.0,45.12
2023-05-05,6,19140.0,868.0,100.0,45.12
2023-05-06,0,0.0,0.0,,42.68
2023-05-07,0,0.0,0.0,,45.12
2023-05-08,9,29900.0,1163.0,75.0,46.34
2023-05-09,4,8180.0,438.0,100.0,39.02
2023-05-10,2,4880.0,216.0,100.0,41.46
2023-05-11,1,3260.0,141.0,100.0,41.46
2023-05-12,13,27700.0,1707.0,100.0,41.46
2023-05-13,2,5600.0,276.0,100.0,38.41
2023-05-14,0,0.0,0.0,,43.9
2023-05-15,8,25660.0,1169.0,100.0,45.12
2023-05-16,7,22120.0,779.0,100.0,43.9
2023-05-17,6,18740.0,724.0,75.0,42.68
2023-05-18,4,7380.0,545.0,100.0,43.9
2023-05-19,5,17400.0,732.0,100.0,42.68
2023-05-20,0,0.0,0.0,,43.9
2023-05-21,0,0.0,0.0,,45.12
2023-05-22,7,18200.0,756.0,100.0,46.34
2023-05-23,6,13140.0,636.0,100.0,50.0
2023-05-24,5,24000.0,645.0,50.0,45.12
2023-05-25,6,20480.0,837.0,100.0,41.46
2023-05-26,9,27820.0,1212.0,75.0,39.02
2023-05-27,0,0.0,0.0,,40.24
2023-05-28,0,0.0,0.0,,40.96
2023-05-29,5,11860.0,706.0,75.0,45.12
2023-05-30,5,14820.0,576.0,50.0,42.68
2023-05-31,7,16100.0,984.0,75.0,44.58
2023-06-01,4,14720.0,477.0,62.5,42.68
2023-06-02,7,16580.0,1011.0,100.0,42.68
2023-06-03,0,0.0,0.0,,42.68
2023-06-04,0,0.0,0.0,,45.12
2023-06-05,8,27420.0,1080.0,75.0,46.34
2023-06-06,4,12740.0,468.0,25.0,45.12
2023-06-07,4,7740.0,618.0,75.0,45.12
2023-06-08,4,8660.0,506.0,75.0,42.68
2023-06-09,9,21000.0,1076.0,75.0,42.68
2023-06-10,0,0.0,0.0,,42.68
2023-06-11,0,0.0,0.0,,43.37
2023-06-12,6,22380.0,842.0,100.0,45.12
2023-06-13,4,16060.0,441.0,62.5,43.03
2023-06-14,10,34300.0,1416.0,75.0,45.12
2023-06-15,4,9080.0,512.0,75.0,43.9
2023-06-16,4,8700.0,546.0,100.0,42.68
2023-06-17,0,0.0,0.0,,45.12
2023-06-18,0,0.0,0.0,,46.34
2023-06-19,10,25720.0,1183.0,75.0,46.34
2023-06-20,3,4980.0,413.0,100.0,46.34
2023-06-21,5,16740.0,740.0,75.0,46.34
2023-06-22,7,20120.0,1007.0,75.0,46.34
2023-06-23,6,13180.0,748.0,75.0,46.34
2023-06-24,0,0.0,0.0,,46.34
2023-06-25,0,0.0,0.0,,46.34
2023-06-26,5,11880.0,723.0,100.0,46.34
2023-06-27,4,9440.0,551.0,75.0,46.34
2023-06-28,9,21500.0,1069.0,100.0,47.56
2023-06-29,5,17160.0,749.0,100.0,46.34
2023-06-30,5,16220.0,686.0,75.0,46.34
2023-07-01,0,0.0,0.0,,46.34
2023-07-02,0,0.0,0.0,,49.4
2023-07-03,10,30100.0,1139.0,100.0,58.54
2023-07-04,6,26740.0,751.0,100.0,62.2
2023-07-05,6,20300.0,830.0,75.0,60.98
2023-07-06,6,11880.0,838.0,100.0,51.81
2023-07-07,8,17300.0,1069.0,75.0,52.44
2023-07-08,0,0.0,0.0,,53.57
2023-07-09,0,0.0,0.0,,60.98
2023-07-10,6,16660.0,827.0,100.0,64.63
2023-07-11,4,10420.0,550.0,100.0,53.57
2023-07-12,8,20900.0,1048.0,100.0,50.6
2023-07-13,7,29660.0,1039.0,100.0,51.81
2023-07-14,6,19420.0,909.0,75.0,51.81
2023-07-15,0,0.0,0.0,,45.12
2023-07-16,0,0.0,0.0,,46.34
2023-07-17,7,20380.0,839.0,100.0,53.01
2023-07-18,3,8140.0,468.0,100.0,46.34
2023-07-19,5,18260.0,671.0,100.0,53.01
2023-07-20,5,10360.0,722.0,100.0,53.01
2023-07-21,8,17960.0,1001.0,100.0,46.34
2023-07-22,0,0.0,0.0,,46.34
2023-07-23,0,0.0,0.0,,62.2
2023-07-24,5,14960.0,698.0,100.0,65.85
2023-07-25,5,14100.0,698.0,100.0,54.88
2023-07-26,8,24680.0,1023.0,75.0,45.12
2023-07-27,5,16220.0,764.0,75.0,46.34
2023-07-28,5,10460.0,708.0,75.0,45.12
2023-07-29,0,0.0,0.0,,45.12
2023-07-30,0,0.0,0.0,,46.34
2023-07-31,7,20900.0,932.0,100.0,46.34
2023-08-01,5,10360.0,698.0,100.0,46.34
2023-08-02,6,22100.0,874.0,100.0,46.34
2023-08-03,5,10080.0,687.0,100.0,40.24
2023-08-04,8,20240.0,984.0,100.0,40.24
2023-08-05,0,0.0,0.0,,42.68
2023-08-06,0,0.0,0.0,,45.12
2023-08-07,6,17420.0,779.0,100.0,45.12
2023-08-08,4,10500.0,558.0,100.0,45.12
2023-08-09,11,44420.0,1399.0,100.0,46.34
2023-08-10,4,8180.0,580.0,100.0,46.34
2023-08-11,7,23480.0,1021.0,100.0,46.34
2023-08-12,0,0.0,0.0,,46.34
2023-08-13,0,0.0,0.0,,46.34
2023-08-14,8,27660.0,869.0,100.0,46.99
2023-08-15,4,10400.0,612.0,100.0,48.78
2023-08-16,6,13900.0,846.0,100.0,46.34
2023-08-17,4,15400.0,686.0,100.0,46.34
2023-08-18,7,16320.0,840.0,100.0,46.34
2023-08-19,0,0.0,0.0,,46.34
2023-08-20,0,0.0,0.0,,46.34
2023-08-21,7,29340.0,866.0,100.0,47.56
2023-08-22,5,13180.0,719.0,100.0,46.34
2023-08-23,7,24520.0,906.0,100.0,39.76
2023-08-24,5,16880.0,692.0,100.0,36.59
2023-08-25,6,19640.0,858.0,100.0,39.02
2023-08-26,0,0.0,0.0,,39.63
2023-08-27,0,0.0,0.0,,42.68
2023-08-28,6,18320.0,775.0,100.0,45.12
2023-08-29,5,12180.0,719.0,75.0,46.34
2023-08-30,5,13020.0,678.0,75.0,45.12
2023-08-31,3,5960.0,513.0,100.0,45.12
2023-09-01,5,11100.0,636.0,100.0,42.68
2023-09-02,0,0.0,0.0,,45.12
2023-09-03,0,0.0,0.0,,46.34
2023-09-04,5,13620.0,640.0,100.0,46.34
2023-09-05,5,19280.0,723.0,100.0,45.12
2023-09-06,7,18740.0,922.0,100.0,40.24
2023-09-07,4,14440.0,620.0,100.0,41.46
2023-09-08,4,14180.0,609.0,100.0,39.02
2023-09-09,0,0.0,0.0,,42.68
2023-09-10,0,0.0,0.0,,46.34
2023-09-11,7,18320.0,976.0,75.0,43.9
2023-09-12,7,24600.0,910.0,75.0,34.15
2023-09-13,5,9880.0,782.0,75.0,35.37
2023-09-14,6,18840.0,937.0,75.0,40.24
2023-09-15,5,18020.0,574.0,100.0,41.46
2023-09-16,0,0.0,0.0,,46.34
2023-09-17,0,0.0,0.0,,46.34
2023-09-18,8,26380.0,1164.0,100.0,51.22
2023-09-19,6,14840.0,803.0,100.0,46.34
2023-09-20,8,27400.0,957.0,75.0,39.02
2023-09-21,5,16240.0,702.0,75.0,33.54
2023-09-22,7,28180.0,1017.0,75.0,39.02
2023-09-23,0,0.0,0.0,,45.12
2023-09-24,0,0.0,0.0,,46.34
2023-09-25,8,29160.0,1146.0,100.0,46.34
2023-09-26,8,28140.0,1133.0,100.0,45.12
2023-09-27,5,9200.0,817.0,75.0,35.37
2023-09-28,4,7440.0,623.0,75.0,36.14
2023-09-29,5,12580.0,787.0,75.0,36.59
2023-09-30,0,0.0,0.0,,35.37
2023-10-01,0,0.0,0.0,,42.68
2023-10-02,6,18100.0,832.0,100.0,45.12
2023-10-03,4,9660.0,560.0,100.0,45.12
2023-10-04,7,25160.0,916.0,100.0,43.9
2023-10-05,3,5360.0,513.0,100.0,46.34
2023-10-06,7,14060.0,1086.0,100.0,46.34
2023-10-07,0,0.0,0.0,,46.34
2023-10-08,0,0.0,0.0,,46.34
2023-10-09,7,18260.0,953.0,100.0,52.44
2023-10-10,5,12780.0,656.0,75.0,46.34
2023-10-11,3,8200.0,515.0,100.0,46.34
2023-10-12,3,7080.0,431.0,75.0,46.34
2023-10-13,5,20260.0,618.0,100.0,46.34
2023-10-14,0,0.0,0.0,,46.34
2023-10-15,0,0.0,0.0,,46.34
2023-10-16,4,11380.0,581.0,100.0,63.41
2023-10-17,7,27440.0,992.0,100.0,46.34
2023-10-18,5,11960.0,652.0,100.0,46.34
2023-10-19,3,8560.0,558.0,100.0,46.34
2023-10-20,2,5780.0,262.0,100.0,46.34
2023-10-21,0,0.0,0.0,,46.34
2023-10-22,0,0.0,0.0,,53.01
2023-10-23,6,24500.0,785.0,75.0,53.01
2023-10-24,5,15160.0,680.0,87.5,49.4
2023-10-25,3,9760.0,470.0,100.0,46.34
2023-10-26,5,18600.0,746.0,100.0,46.34
2023-10-27,5,13340.0,637.0,75.0,45.12
2023-10-28,0,0.0,0.0,,46.34
2023-10-29,0,0.0,0.0,,48.78
2023-10-30,6,23640.0,828.0,100.0,51.22
2023-10-31,4,16840.0,641.0,100.0,46.34
2023-11-01,5,13400.0,562.0,100.0,46.34
2023-11-02,3,6680.0,467.0,100.0,46.34
2023-11-03,6,20320.0,857.0,75.0,45.24
2023-11-04,0,0.0,0.0,,45.12
2023-11-05,0,0.0,0.0,,46.34
2023-11-06,6,23940.0,722.0,75.0,46.43
2023-11-07,7,18160.0,1053.0,100.0,51.19
2023-11-08,2,6640.0,244.0,75.0,48.78
2023-11-09,6,21900.0,1055.0,75.0,46.34
2023-11-10,4,14180.0,429.0,100.0,43.9
2023-11-11,0,0.0,0.0,,42.68
2023-11-12,0,0.0,0.0,,46.34
2023-11-13,6,25300.0,851.0,100.0,50.0
2023-11-14,3,7900.0,419.0,100.0,51.19
2023-11-15,4,10540.0,545.0,100.0,46.43
2023-11-16,2,4680.0,335.0,100.0,45.12
2023-11-17,4,7520.0,545.0,50.0,35.37
2023-11-18,0,0.0,0.0,,42.68
2023-11-19,0,0.0,0.0,,45.24
2023-11-20,4,10460.0,541.0,100.0,45.12
2023-11-21,6,15920.0,854.0,100.0,46.34
2023-11-22,3,8700.0,437.0,100.0,41.46
2023-11-23,5,8600.0,748.0,100.0,42.68
2023-11-24,6,13500.0,830.0,100.0,36.59
2023-11-25,0,0.0,0.0,,28.05
2023-11-26,0,0.0,0.0,,35.37
2023-11-27,7,26380.0,1018.0,100.0,45.12
2023-11-28,6,15860.0,927.0,100.0,40.24
2023-11-29,4,10220.0,544.0,75.0,36.14
2023-11-30,3,10560.0,375.0,87.5,31.71
2023-12-01,4,16520.0,560.0,100.0,36.59
2023-12-02,0,0.0,0.0,,42.68
2023-12-03,0,0.0,0.0,,43.9
2023-12-04,5,16200.0,635.0,100.0,40.24
2023-12-05,3,6760.0,410.0,100.0,39.02
2023-12-06,6,15380.0,815.0,75.0,42.68
2023-12-07,4,14720.0,610.0,75.0,40.24
2023-12-08,3,8540.0,353.0,100.0,40.48
2023-12-09,0,0.0,0.0,,43.37
2023-12-10,0,0.0,0.0,,44.05
2023-12-11,5,12480.0,695.0,100.0,46.34
2023-12-12,6,16080.0,881.0,100.0,46.34
2023-12-13,5,13300.0,677.0,100.0,43.9
2023-12-14,3,4960.0,440.0,100.0,42.68
2023-12-15,3,5740.0,405.0,100.0,42.68
2023-12-16,0,0.0,0.0,,46.34
2023-12-17,0,0.0,0.0,,46.34
2023-12-18,9,32320.0,1144.0,75.0,46.34
2023-12-19,5,12680.0,806.0,100.0,46.43
2023-12-20,6,23560.0,896.0,100.0,46.34
2023-12-21,4,6940.0,586.0,100.0,45.24
2023-12-22,4,10680.0,716.0,100.0,45.24
2023-12-23,4,11660.0,636.0,100.0,46.34
2023-12-24,0,0.0,0.0,,46.34
2023-12-25,0,0.0,0.0,,46.34
2023-12-26,4,12480.0,504.0,100.0,52.44
2023-12-27,7,20640.0,1017.0,100.0,49.1
2023-12-28,6,20980.0,837.0,87.5,50.0
2023-12-29,4,12040.0,612.0,100.0,46.99
2023-12-30,6,15840.0,813.0,100.0,47.56
2023-12-31,0,0.0,0.0,,51.19
2024-01-01,0,0.0,0.0,,53.57
2024-01-02,6,16640.0,847.0,100.0,53.01
2024-01-03,7,25020.0,1079.0,100.0,46.34
2024-01-04,3,8720.0,469.0,75.0,43.9
2024-01-05,3,6620.0,527.0,100.0,46.34
2024-01-06,0,0.0,0.0,,45.12
2024-01-07,0,0.0,0.0,,46.34
2024-01-08,4,8960.0,548.0,100.0,46.34
2024-01-09,5,19860.0,825.0,100.0,46.34
2024-01-10,3,6120.0,445.0,100.0,46.34
2024-01-11,3,7320.0,369.0,100.0,45.12
2024-01-12,5,20600.0,688.0,100.0,45.12
2024-01-13,0,0.0,0.0,,46.34
2024-01-14,0,0.0,0.0,,46.34
2024-01-15,6,16560.0,859.0,100.0,46.34
2024-01-16,4,11860.0,616.0,75.0,40.24
2024-01-17,2,4000.0,329.0,100.0,43.9
2024-01-18,5,20480.0,766.0,75.0,44.05
2024-01-19,4,19340.0,607.0,100.0,44.05
2024-01-20,0,0.0,0.0,,42.86
2024-01-21,0,0.0,0.0,,46.34
2024-01-22,5,20480.0,655.0,100.0,46.34
2024-01-23,4,9240.0,613.0,50.0,46.34
2024-01-24,6,16240.0,977.0,100.0,45.78
2024-01-25,4,16920.0,670.0,50.0,43.9
2024-01-26,3,11700.0,466.0,100.0,46.34
2024-01-27,0,0.0,0.0,,46.34
2024-01-28,0,0.0,0.0,,50.0
2024-01-29,2,6100.0,344.0,100.0,51.19
2024-01-30,7,16860.0,1147.0,100.0,46.34
2024-01-31,6,20620.0,862.0,100.0,46.34
2024-02-01,4,20040.0,634.0,100.0,43.9
2024-02-02,2,3660.0,292.0,100.0,42.68
2024-02-03,0,0.0,0.0,,42.68
2024-02-04,0,0.0,0.0,,46.34
2024-02-05,3,6960.0,511.0,100.0,46.34
2024-02-06,4,6260.0,568.0,100.0,46.34
2024-02-07,6,11820.0,831.0,100.0,42.68
2024-02-08,1,2220.0,184.0,100.0,40.24
2024-02-09,2,3840.0,262.0,100.0,40.24
2024-02-10,0,0.0,0.0,,42.68
2024-02-11,0,0.0,0.0,,45.12
2024-02-12,4,14060.0,615.0,100.0,46.34
2024-02-13,2,3980.0,344.0,75.0,46.34
2024-02-14,4,9160.0,619.0,100.0,46.34
2024-02-15,4,8820.0,598.0,100.0,46.34
2024-02-16,3,11820.0,379.0,100.0,45.12
2024-02-17,0,0.0,0.0,,46.34
2024-02-18,0,0.0,0.0,,53.57
2024-02-19,3,5560.0,263.0,100.0,53.66
2024-02-20,3,9200.0,450.0,100.0,53.57
2024-02-21,5,19580.0,804.0,100.0,46.34
2024-02-22,2,11500.0,284.0,50.0,43.9
2024-02-23,3,7840.0,514.0,100.0,45.12
2024-02-24,0,0.0,0.0,,41.46
2024-02-25,0,0.0,0.0,,43.9
2024-02-26,4,11760.0,525.0,100.0,43.9
2024-02-27,4,10560.0,546.0,100.0,42.68
2024-02-28,1,1940.0,126.0,75.0,38.55
2024-02-29,4,15680.0,508.0,100.0,41.46
2024-03-01,3,11920.0,455.0,75.0,40.24
2024-03-02,0,0.0,0.0,,41.46
2024-03-03,0,0.0,0.0,,45.24
2024-03-04,5,12400.0,726.0,100.0,46.34
2024-03-05,1,1860.0,133.0,100.0,45.12
2024-03-06,3,7360.0,530.0,100.0,45.12
2024-03-07,1,2520.0,194.0,100.0,45.12
2024-03-08,2,4960.0,291.0,100.0,45.12
2024-03-09,0,0.0,0.0,,45.12
2024-03-10,0,0.0,0.0,,46.34
2024-03-11,1,2520.0,157.0,100.0,46.34
2024-03-12,1,3460.0,136.0,100.0,47.62
2024-03-13,4,10220.0,648.0,100.0,46.34
2024-03-14,3,13180.0,414.0,100.0,46.34
2024-03-15,1,2680.0,153.0,100.0,42.68
2024-03-16,0,0.0,0.0,,46.34
2024-03-17,0,0.0,0.0,,46.34
2024-03-18,3,7740.0,435.0,100.0,46.34
2024-03-19,1,3060.0,157.0,100.0,46.34
2024-03-20,2,5540.0,292.0,100.0,50.0
2024-03-21,2,9920.0,261.0,100.0,50.0
2024-03-22,0,0.0,0.0,,52.44
2024-03-23,0,0.0,0.0,,55.42
2024-03-24,0,0.0,0.0,,60.98
2024-03-25,2,7100.0,258.0,100.0,66.67
2024-03-26,3,9620.0,454.0,100.0,58.33
2024-03-27,3,9780.0,572.0,100.0,53.57
2024-03-28,0,0.0,0.0,,51.19
2024-03-29,2,12760.0,338.0,100.0,51.81
2024-03-30,0,0.0,0.0,,52.38
2024-03-31,0,0.0,0.0,,53.57
2024-04-01,1,2760.0,3135.0,100.0,54.88
2024-04-02,4,13060.0,623.0,100.0,53.57
2024-04-03,3,13980.0,531.0,100.0,46.34
2024-04-04,2,4940.0,343.0,100.0,43.9
2024-04-05,2,6460.0,308.0,100.0,42.68
2024-04-06,0,0.0,0.0,,46.34
2024-04-07,0,0.0,0.0,,46.34
2024-04-08,3,15760.0,396.0,100.0,46.34
2024-04-09,1,3700.0,184.0,100.0,45.12
2024-04-10,3,6860.0,536.0,100.0,46.34
2024-04-11,3,7380.0,524.0,100.0,42.68
2024-04-12,2,4300.0,318.0,100.0,40.24
2024-04-13,0,0.0,0.0,,43.9
2024-04-14,0,0.0,0.0,,45.24
2024-04-15,2,5980.0,284.0,100.0,46.34
2024-04-16,2,4860.0,354.0,100.0,46.34
2024-04-17,1,2780.0,164.0,100.0,46.34
2024-04-18,3,6820.0,517.0,100.0,46.34
2024-04-19,2,4240.0,266.0,100.0,46.34
2024-04-20,0,0.0,0.0,,46.34
2024-04-21,0,0.0,0.0,,48.78
2024-04-22,2,11200.0,326.0,100.0,53.57
2024-04-23,3,8760.0,529.0,100.0,51.19
2024-04-24,3,7240.0,461.0,100.0,46.34
2024-04-25,1,2180.0,160.0,100.0,42.68
2024-04-26,2,4020.0,282.0,100.0,46.34
2024-04-27,0,0.0,0.0,,46.34
2024-04-28,0,0.0,0.0,,48.81
2024-04-29,3,13020.0,391.0,100.0,51.81
2024-04-30,0,0.0,0.0,,46.34
